"id","time","y","x1","x2","x3","x4","x5"
1,1994,19.551796011434,3.11529294935316,2.16231456234549,1.0830728362255,1.75759633923107,1.17856315813772
1,1995,84.1244361331295,3.11768350308342,2.16989184826679,1.0830728362255,1.75355805410956,1.19294344488637
1,1996,-16.8316922413761,3.11995934425092,2.17302079461973,1.0830728362255,1.78056741440334,1.17600451579848
1,1997,38.6924759407966,3.12239021136986,2.17152973478316,1.08966958845097,1.78778236814407,1.11407801819437
1,1998,35.2779922941386,3.1255280320635,2.18304278859028,1.0961706839044,1.76934177652865,1.14092065465965
1,1999,72.7751969233099,3.12886394696065,2.17759103637961,1.09097544646582,1.76548650130625,1.11940509810883
1,2000,12.8320582016023,3.13121736147524,2.18820266700707,1.08571922224655,1.76157191061573,1.31638619917973
1,2001,12.567409069051,3.13185095165447,2.20510878125724,1.09251383550311,1.76157191061573,1.39744092515242
1,2002,2.35395868598561,3.13423162595624,2.19098864487156,1.09920673270044,1.77313933709413,1.3457677242569
1,2003,-43.465843236782,3.13587643003906,2.18421347260997,1.12102509799161,1.7092881401355,1.26660252391013
1,2004,-18.4670324933756,3.13853050860304,2.16567567201502,1.10750110584987,1.68402236463627,1.38013200224559
1,2005,-3.36175711257699,3.14016410680081,2.17837954574189,1.08289010183656,1.68402236463627,1.51932730592431
1,2006,3.98202437738188,3.14135883747303,2.19155640462728,1.09615157485161,1.68926900441457,1.59710382907176
1,2007,-76.0181355866703,3.14299215829995,2.19389144419886,1.09231310735804,1.69946556508538,1.67400628280759
1,2008,15.9480984978313,3.14433166281852,2.19815941122508,1.09684843616408,1.68926900441457,1.76651073982774
1,2009,3.95027799364302,3.14422424944198,2.21217151066408,1.08903782552858,1.70442205454339,1.57270747419986
1,2010,-3.75448253729142,3.14476639624227,2.18562398510461,1.09644287230051,1.75355805410956,1.74807022830557
1,2011,9.336022495107,3.1456061959476,2.19279724981994,1.08908162641647,1.75759633923107,1.77402432108971
1,2012,-4.82294443703823,3.14743514157774,2.19952674045167,1.09705507778831,1.75759633923107,1.59756245117803
1,2013,41.0899990746179,3.14820561010154,2.18948424493292,1.10010795552248,1.79131332634093,1.59914311956106
1,2014,7.17555096043262,3.14912763627702,2.19582163599917,1.14183683263867,1.79479498824035,1.55600835975411
1,2015,-2.61667159579292,3.14972855534434,2.19159287902862,1.10602842768963,1.79822858334139,1.39381533853073
1,2016,-7.45889783664573,3.15071761633475,2.18793307795981,1.08407198346519,1.80495627538929,1.49355834522222
1,2017,-5.32826825681005,3.15124798650945,2.19444544004207,1.06193768491911,1.81471564899766,1.58047675070524
1,2018,-110.285991857534,3.15239023094308,2.20232152262387,1.07105427027322,1.8115054024445,1.59242424718172
1,2019,0,3.15298132135765,2.21409684677708,1.07728471642852,1.82715071857448,1.62835960704636
1,2020,0,3.15181464023421,2.20690493817844,1.05190145672147,1.85298998668053,1.64982052188822
1,2021,0,3.15338990477684,2.18458651164411,1.05955875431307,1.88117362914884,1.90539564854765
1,2022,0,3.15583876571827,2.21265012131183,1.01574587640661,1.88117362914884,1.90539564854765
1,2023,0,3.15676249481772,2.22783069398521,1.02080071264628,1.88117362914884,1.90539564854765
1,2024,0,3.15622721514824,2.219384697866,1.02080071264628,1.88117362914884,1.90539564854765
2,1994,16.5462986797652,3.10128321730118,2.28995033675136,1.11118474853483,2.08006079324521,0.124495990453121
2,1995,33.5530737155386,3.10350773513117,2.29670663495059,1.11118474853483,2.08006079324521,0.121742911671764
2,1996,20.5287777258207,3.10534876852796,2.30226324126426,1.11118474853483,2.06413828843198,0.142251090484675
2,1997,18.8019601675025,3.10714470772758,2.3151673346823,1.11048492280896,2.07225793911295,0.132309793125439
2,1998,12.0575324305459,3.11010752913648,2.32054939649041,1.10978398052079,2.06823918266756,0.0919616816813506
2,1999,3.08962177488838,3.11321675525561,2.32357313777351,1.11108621518892,2.08756888072466,0.0990593033307204
2,2000,6.92434161991856,3.11578625744849,2.34061868104461,1.11238459901585,2.08664579137454,0.153453424627358
2,2001,2.81304555607886,3.11660519381815,2.34533444187013,1.11886977173684,2.0781385355525,0.158202235038261
2,2002,1.48627050027914,3.11747284928477,2.3444434816681,1.12525985147468,2.07025863830605,0.157381217385838
2,2003,-20.0830286818413,3.1180452574794,2.3429124108381,1.12246886216286,2.04797261742659,0.150674862533117
2,2004,8.49056603773585,3.11973284115067,2.35266809090245,1.11362466181761,2.05459439556809,0.131145501189594
2,2005,1.90934460190848,3.12115358746113,2.35913056031072,1.12228171315565,2.06722177936113,0.145417822984666
2,2006,7.54723840891157,3.12354741841534,2.367061826234,1.13675542468157,2.08848767730203,0.184206468464278
2,2007,6.43511207107652,3.12651311083366,2.37184122140555,1.14800355583245,2.10933988701033,0.20550703363987
2,2008,1.06431307078032,3.12750202154606,2.37433750164937,1.139707330794,2.11502408600283,0.252698334236422
2,2009,0.0764987576702631,3.12407186525247,2.34447819339598,1.10226686218662,2.12742006802611,0.166060588604911
2,2010,13.51707239755,3.12543374419136,2.36867009533475,1.10918219350266,2.12591362253094,0.213024680510111
2,2011,-14.2399578623848,3.1276653200929,2.37968951456358,1.10853497263638,2.12965772564475,0.240001594211061
2,2012,6.59129293697048,3.12781431193278,2.37980348566506,1.12504020945332,2.14936261819127,0.23415724851394
2,2013,1.11041066138327,3.12707901213148,2.37831284347975,1.11857816062769,2.15069448679568,0.215301790806824
2,2014,-6.25591805213315,3.12705399366177,2.37745490511783,1.14710797221439,2.15785530725187,0.189551659020526
2,2015,3.99123356634821,3.12720637068531,2.37500760784064,1.11308432112414,2.1520169759168,0.133906395937193
2,2016,-8.19646892925712,3.12809310707858,2.37222135178386,1.09755410425461,2.15069448679568,0.110589938435541
2,2017,-3.43308586134421,3.12944935048041,2.37930891110613,1.10893722488278,2.14667024539937,0.121358576216037
2,2018,-60.8851377595551,3.13116522262699,2.38414246131183,1.12402518544063,2.14734695753755,0.139838200214872
2,2019,0,3.13229347857679,2.38385433953863,1.12647876602545,2.14667024539937,0.109582691894952
2,2020,0,3.1262309549654,2.36923399422334,1.10025769471773,2.15849289863261,0.0707323626220351
2,2021,0,3.13005172988752,2.38855640634287,1.09466682718676,2.15976158191168,0.117315345036619
2,2022,0,3.1337427053651,2.40785513228626,1.08026974371691,2.15976158191168,0.117315345036619
2,2023,0,3.13219493831945,2.39516532735415,1.09311572957262,2.15976158191168,0.117315345036619
2,2024,0,3.13117896118511,2.38489583788256,1.09311572957262,2.15976158191168,0.117315345036619
3,1994,18.8480768249708,3.09578664702381,2.39211971176236,0.962813508836913,0.739577205043417,0.0233033443934655
3,1995,28.6820862031603,3.09772368740997,2.39707780238529,0.962813508836913,0.935773481689307,0.0211338349348174
3,1996,3.74173525928582,3.09873016949285,2.40141085428898,0.962813508836913,0.892623316306342,0.0226118685470299
3,1997,27.0719788036302,3.1018596626327,2.41087280800383,0.932686807593755,0.845824199178048,0.0203799622950753
3,1998,2.42954637638455,3.10341051111074,2.4094785330164,0.900739018651342,0.935773481689307,0.0234024365559749
3,1999,5.66044319187672,3.10632063587979,2.41013594323605,0.921517058841029,0.975656706920104,0.0228195657582
3,2000,4.48252049473216,3.10936004780808,2.43264936522239,0.941518509868489,0.975656706920104,0.0246109015649052
3,2001,14.8404636619658,3.11002762658865,2.42936253889585,0.94783621769643,1.04695774510357,0.0209939569059793
3,2002,0.804830172145476,3.11113465162153,2.42492376283866,0.954078030430347,1.07895118288016,0.0236352343442649
3,2003,-22.6655648658451,3.11168046611067,2.42051168740037,0.948508938402358,1.13681806866811,0.0216893889807416
3,2004,23.1714685790496,3.11441068922475,2.42599506656491,0.94040845128092,1.16308559819519,0.0158623255006148
3,2005,5.06987630192709,3.11595629609298,2.43543963426119,0.917915517604257,1.27375309807593,0.0157271456112266
3,2006,-13.6257140422102,3.11760168137147,2.44137728847985,0.903561130694586,1.34378765724865,0.0192796987577806
3,2007,15.3934933583934,3.12014004709033,2.44469073609401,0.942114039224509,1.41550401537368,0.0190707818626884
3,2008,0.763242009996377,3.11983677410575,2.45411747318721,0.950168834715208,1.48520724747297,0.0183605638185932
3,2009,-13.2481251697295,3.11742769218021,2.42369717381695,0.966812141436295,1.5673382656245,0.0173150964248532
3,2010,-3.73911923562593,3.11898229991217,2.44206305449238,0.98246002340309,1.65615849738557,0.0469372299612838
3,2011,-8.33459120161158,3.11952190624276,2.4537750443094,0.98885225422173,1.68402236463627,0.0657507335158492
3,2012,12.5021232995517,3.11916505513371,2.45336871159267,0.994042002332516,1.73236004120165,0.0632880125924497
3,2013,-1.64615733509982,3.11901833156896,2.4503465858502,0.996975569387446,1.75759633923107,0.0590534083565664
3,2014,-2.44568489517881,3.12017011963576,2.45142719461562,1.02958718525788,1.78778236814407,0.0680015923640045
3,2015,-1.63619601336594,3.12094882787639,2.44759865343675,0.996776840052343,1.79822858334139,0.0352372143169912
3,2016,1.20638391737128,3.12154757221202,2.45195064772401,0.973273641850378,1.79131332634093,0.0303686678189245
3,2017,-8.50990875718337,3.12249625407831,2.46015047355597,0.944255309299057,1.8082526214155,0.0371331263769564
3,2018,-55.8659108938537,3.12373114368974,2.46153964101488,0.951532888387856,1.83897926169613,0.0484109359383436
3,2019,0,3.12537464078385,2.45868120716873,0.950552582850495,1.82410097596911,0.0422176844208178
3,2020,0,3.12067967849576,2.44966739889421,0.947089941240134,1.88117362914884,0.0284799361534563
3,2021,0,3.12564849297789,2.47042472263856,0.93235297598774,1.86622076519451,0.0448613158007993
3,2022,0,3.12833727364369,2.48292363831238,0.955395267514584,1.86622076519451,0.0448613158007993
3,2023,0,3.12907943059661,2.45907225513659,0.933852580028477,1.86622076519451,0.0448613158007993
3,2024,0,3.12942807210083,2.45181528079186,0.933852580028477,1.86622076519451,0.0448613158007993
4,1994,14.7686562539444,3.09932558621285,2.28424095620918,1.06235349053413,2.04343546634488,1.27130906996711
4,1995,17.8669733204084,3.10077515137939,2.2982592216407,1.06235349053413,2.04571663798269,1.27110384065057
4,1996,68.4387922832594,3.10134061657547,2.30167409478091,1.06235349053413,2.04228527101219,1.38899917018056
4,1997,30.1643580335339,3.10420757598942,2.31279050158177,1.07308078204151,2.03879544362212,1.31251368752728
4,1998,22.6540786518133,3.10688046611255,2.32237935269043,1.08356138298295,2.04112858074892,1.07744629952739
4,1999,34.113388421719,3.11062448747389,2.32736082996635,1.07592537315523,2.04343546634488,1.24621658413197
4,2000,8.55537763911885,3.11424753156968,2.33363110204228,1.0681588669636,2.020401290664,1.54299052629409
4,2001,1.87030274469116,3.11493125691148,2.32303223943788,1.06751131600861,2.01388930193121,1.42787089493841
4,2002,6.823302422718,3.11658682075032,2.31636522241008,1.06686284876097,2.01782079972786,1.33875454731952
4,2003,-35.2169035643616,3.11737456839798,2.30048524980507,1.07804069878796,2.01256222375706,1.49843045664272
4,2004,9.04882531878419,3.11924044955151,2.30148316061248,1.07496203149962,2.0216796577065,1.52794465607025
4,2005,33.3838731296852,3.12119054429375,2.30025508813128,1.06327944831262,2.03643550095115,1.61618174261796
4,2006,-5.24071449124917,3.12258954115887,2.2953268011457,1.10914773259039,2.03524529974926,1.49384607379861
4,2007,-40.8097786039751,3.12351971458356,2.2900617962027,1.10799588922264,2.03643550095115,1.47460734159339
4,2008,35.2384685389303,3.12343768625472,2.29228531181747,1.10779108054086,2.03643550095115,1.58090230055715
4,2009,-24.5271210858655,3.11982696663623,2.26462230469156,1.10788773089439,2.04343546634488,1.14301630461853
4,2010,-8.05387266256829,3.12152930235278,2.27060886705842,1.10842718805847,2.03404818161825,1.194353381317
4,2011,-1.9231666222628,3.12338770947272,2.27820865764597,1.08725482709608,2.03524529974926,1.29134957159156
4,2012,-2.38408836273492,3.12396440876841,2.27852247123762,1.09605718750757,2.03879544362212,0.991917438970014
4,2013,17.3147436444661,3.12505756246854,2.27733797510475,1.09339774298163,2.04343546634488,1.08331884481472
4,2014,-25.7234178284756,3.1266625255351,2.28420062247291,1.13308891614771,2.04343546634488,1.07539379736552
4,2015,5.43689923107211,3.12656407558857,2.28970301309281,1.11089384865929,2.04457923343498,0.321503749624216
4,2016,4.1694661002538,3.12647795338819,2.28725718074516,1.10909904893892,2.04228527101219,0.670667712925192
4,2017,-9.78525155415421,3.12804720807301,2.28644766733563,1.09813997185142,2.05020391123488,0.891231538157735
4,2018,-77.1167945391923,3.12915950492873,2.29101607165582,1.08360612143981,2.04457923343498,1.10831548336749
4,2019,0,3.12953390233301,2.28972296230987,1.08502134733616,2.04571663798269,1.1457143116346
4,2020,0,3.12405871411225,2.27379766030327,1.05324325260465,2.06205606444002,0.911089240265628
4,2021,0,3.12863626990322,2.27738937090194,1.04459668776613,2.06100683106413,1.57123431290881
4,2022,0,3.13064396867969,2.29316038856692,1.03508941879818,2.06100683106413,1.57123431290881
4,2023,0,3.12943315868847,2.29111360153866,1.00290936847051,2.06100683106413,1.57123431290881
4,2024,0,3.12819302540605,2.28659857068008,1.00290936847051,2.06100683106413,1.57123431290881
5,1994,9,2.94732970246501,2.243458882027,0.852484803705022,2.1520169759168,1.56613129840462
5,1995,4,2.95503308718191,2.25077053586269,0.852484803705022,2.14802124641651,1.67630120187837
5,1996,1.74574312188794,2.96068918108227,2.24782534895278,0.852484803705022,2.13405585647874,1.57199396566127
5,1997,0.928476690885259,2.96665585833961,2.24851567419609,0.848582374916121,2.11740995272707,1.54278974977238
5,1998,4.63046179884774,2.96952265899157,2.24749740757393,0.84465364594888,2.11582265475223,1.27600664708308
5,1999,9.4747291150343,2.96795284763466,2.25080148382183,0.883231605184323,2.11016219340024,1.44866058055944
5,2000,8.6066296582387,2.97169491695806,2.26545500908193,0.919320962092728,2.12816886746849,1.56500670465914
5,2001,-0.391396843832065,2.97368477552682,2.27705626711392,0.918532894268343,2.1333298466237,1.47889236683252
5,2002,6.47602228445988,2.97577160937241,2.27816034966138,0.917743668037885,2.14046807346474,1.45182009632905
5,2003,0.71890164269213,2.97939614365585,2.28826806510943,0.882293723818646,2.12965772564475,1.57613000337811
5,2004,31.6718468415238,2.98490809915822,2.30062514815759,0.877001251455734,2.12816886746849,1.80384718714081
5,2005,6.57951694959769,2.98961649623806,2.30668172616316,0.897189932573255,2.13477910751371,1.81138608618373
5,2006,42.9814265108899,2.99451972804764,2.31113408961299,0.884157371433394,2.13906174557631,1.97868931014158
5,2007,28.5907058331722,2.99856663787711,2.31960981346589,0.890457930320958,2.12132194310043,1.97558995607541
5,2008,1.42071815282738,3.00126879762052,2.32870988140453,0.897255073771786,2.12363151328421,1.91533578145831
5,2009,8.05561947451629,2.99915037427725,2.29127489582236,0.889963103867426,2.12891474635504,1.77658494961599
5,2010,-3.22233088367406,3.00379438005961,2.30013712029686,0.903920287054225,2.0921206616936,1.87352157845171
5,2011,-11.1106930476906,3.00878042087418,2.30782470135131,0.920352691756934,2.10768475400264,1.87787990372182
5,2012,5.33683852874016,3.01370508211478,2.2956312091537,0.930631472493431,2.11976667016162,1.78615648555591
5,2013,3.99146103126089,3.01595733882122,2.28657809191798,0.916841349105607,2.11898429591004,1.73069039241215
5,2014,4.14747033097229,3.01671955534895,2.28808827066006,0.955583985344778,2.0921206616936,1.69328178966584
5,2015,11.5427622067309,3.01780092578161,2.26766894251683,0.901412760584328,2.07423745216549,1.48983540439985
5,2016,-3.98986032649615,3.01831646073066,2.25591269566891,0.773588882529189,2.06925145316803,1.38937773844023
5,2017,-10.3876014155548,3.01808685256474,2.25579545235746,0.785053085331681,2.06413828843198,1.59788530748574
5,2018,-65.2610143960389,3.02015982689192,2.26357418378505,0.762445942474192,2.0781385355525,1.6340163897337
5,2019,0,3.0192182018559,2.26156366898843,0.753427409079936,2.07619753492269,1.28680210916158
5,2020,0,3.01214136067968,2.26359473583813,0.756783967296894,2.08940221773378,1.61088360753225
5,2021,0,3.02217721490028,2.28575518518891,0.733709456013346,2.0651713813216,1.97163644414111
5,2022,0,3.0237648462079,2.31505590000461,0.605499268323368,2.0651713813216,1.97163644414111
5,2023,0,3.02374581808204,2.2723527860027,0.560423294415717,2.0651713813216,1.97163644414111
5,2024,0,3.02575433204058,2.28256815640011,0.560423294415717,2.0651713813216,1.97163644414111
6,1994,6.94022093788567,2.89365580510889,2.15923953276373,-0.648250870980694,2.14530948662224,1.25740031057131
6,1995,5.42137476548394,2.89714086258944,2.15655574414218,-0.648250870980694,2.14324976533627,1.37840323071116
6,1996,3.14285714285714,2.89737597568714,2.16004021422984,-0.648250870980694,2.14393883905945,1.45496488382789
6,1997,11.7491384161191,2.89911599198228,2.15719674030029,-0.618505359700224,2.08006079324521,1.36938366403421
6,1998,3.29794945204369,2.89777174963863,2.15918491283115,-0.587619546943986,2.08101499710654,1.17668865034667
6,1999,11.9908024219818,2.89111573902333,2.16070292760287,-0.675421763093581,2.10933988701033,1.51715300802992
6,2000,11.4734116660099,2.89249276624545,2.13741071617079,-0.753892094022094,2.1000574603019,1.63116647234924
6,2001,20.2994279536222,2.89259448759966,2.14599865810191,-0.70219686529583,2.09301853488707,1.47439675957917
6,2002,21.5729073433417,2.8936276089692,2.13964410079837,-0.646433799462986,2.10601540889726,1.47994698923994
6,2003,8.95691537141109,2.89620279884789,2.16299657907558,-0.639854977857946,2.12209488866352,1.53910830746205
6,2004,40.2646734047656,2.90029878778791,2.15889617721899,-0.61015912985704,2.10933988701033,1.63973880444643
6,2005,12.5570155999226,2.90392876546033,2.16854499599851,-0.566237519962925,2.10851408305497,1.65972233203672
6,2006,19.1635110113829,2.90956902871766,2.1814604021799,-0.471083461640868,2.12209488866352,1.71362246824338
6,2007,9.62247011486476,2.91526269882632,2.16658214091596,-0.408982728631389,2.12515593344391,1.68401034446155
6,2008,7.90575260265699,2.91745106404387,2.17877795012137,-0.364436735579467,2.12363151328421,1.7764431148578
6,2009,1.7326508598327,2.91741687125015,2.15434901308765,-0.352602097225631,2.12816886746849,1.5638833257609
6,2010,-0.417659367911801,2.92092669044322,2.14845557746938,-0.265046003692974,2.12209488866352,1.68408023870116
6,2011,23.749754225224,2.92697520577984,2.18049698487503,-0.214047068966106,2.11422220394887,1.81345234871241
6,2012,-0.271223263247718,2.92999888611661,2.17687142011242,-0.315165145724942,2.11422220394887,1.75746932913504
6,2013,35.3071545640812,2.9343108442679,2.17191468813586,-0.370581108879439,2.1326010584538,1.71803101713393
6,2014,9.83339144176969,2.93802373976848,2.16893513111243,-0.247164708748625,2.1333298466237,1.6748950858704
6,2015,-16.284429495763,2.94018512937719,2.17411662758759,-0.242403055856762,2.12591362253094,1.45289575392462
6,2016,-5.66422686209317,2.94131809308136,2.16103834753592,-0.260082817681395,2.12132194310043,1.37420340559515
6,2017,-4.22928697870905,2.94121144849481,2.15517229031678,-0.351591220032661,2.13405585647874,1.45546885216611
6,2018,-107.102754399689,2.94194083274032,2.16311191398136,-0.366629394325424,2.1205458780368,1.57053935708975
6,2019,0,2.94336150548231,2.16936227149104,-0.37311949037305,2.12891474635504,1.51549927092168
6,2020,0,2.93397208106808,2.14704660098794,-0.457392856959226,2.1326010584538,1.2834928409256
6,2021,0,2.94364184688397,2.18379405331269,-0.440576835772515,2.11502408600283,1.59941904909709
6,2022,0,2.94992958502163,2.22449121843689,-0.404558859806376,2.11502408600283,1.59941904909709
6,2023,0,2.94950032904954,2.1856109364811,-0.430190147896511,2.11502408600283,1.59941904909709
6,2024,0,2.95003412591849,2.16613411640058,-0.430190147896511,2.11502408600283,1.59941904909709
7,1994,1,2.94946552888866,2.32217060600284,0.555357876961385,2.15849289863261,1.24753795849905
7,1995,0,2.95120166735079,2.32653702663385,0.555357876961385,2.15333020691557,1.34473376933378
7,1996,-1.41421356237309,2.95015593070605,2.33660140968149,0.555357876961385,2.16351660176709,1.2886364699386
7,1997,7,2.95335740347142,2.3445057523497,0.560789080832638,2.14393883905945,1.23039610556238
7,1998,1.88982236504614,2.95828017619473,2.35382576786439,0.566187315146284,2.10851408305497,1.01904311971243
7,1999,6.06217782649107,2.96040533543044,2.3443439004366,0.530696051655561,2.11661793536367,0.871682292835494
7,2000,8.0075721739621,2.96232133215718,2.34212777810357,0.493813136541293,2.13976621440963,0.802558181101009
7,2001,-2.13766701175945,2.96401051311128,2.32913068248969,0.500807847028248,2.1333298466237,0.821546036797409
7,2002,3.74388390133384,2.96576763578837,2.32808026966734,0.50775380996861,2.13621741011471,0.784860873920554
7,2003,-2.75599448801654,2.96852910634866,2.33493086025645,0.485779449401507,2.14186403327613,0.805711602912507
7,2004,5.29150262212918,2.97145536155138,2.33931090514235,0.466681700898832,2.17896239466697,0.795544162100366
7,2005,3.02529022614045,2.9739598831828,2.34795908031393,0.462136702068906,2.19268107014787,0.856180801329361
7,2006,4.28746462856272,2.97972323239704,2.34921052589771,0.371840063555838,2.19634398410367,1.00975400342782
7,2007,5.42594325579007,2.98633103352942,2.34197729334777,0.3406905849398,2.19001868022021,1.05950800129288
7,2008,-1.4884168150705,2.98962134666257,2.34185587553758,0.426374942278582,2.18731674245056,1.00780365877715
7,2009,0.585850099413707,2.98739725181543,2.30025561359261,0.525979371665598,2.18731674245056,0.905998073202261
7,2010,-2.42773094699977,2.99139347655034,2.29373668062567,0.492779233850981,2.18567614029781,1.05587120985238
7,2011,-1.80712492182798,2.99452777530874,2.29703801341745,0.417646736380206,2.17199372353767,0.920570872273348
7,2012,4.16244721898413,2.99811705701547,2.29235969214769,0.487393038283765,2.17258462201259,0.911418468691888
7,2013,-1.2341826246771,2.99946046567241,2.28321999102467,0.514573843416061,2.17080622212193,0.952592286192349
7,2014,1.01592819221789,3.00184856202029,2.28672608253561,0.529434300087726,2.16961103887433,0.970903982147986
7,2015,3.14458455398601,3.00434838324935,2.27244961183997,0.458524880725733,2.17376077055056,0.862158489603329
7,2016,1.19309997254379,3.00741677516457,2.27716635584085,0.407341590655592,2.14734695753755,0.907343309470221
7,2017,0.230556167081694,3.01049740628804,2.28635770681623,0.405499574822172,2.14186403327613,0.862094524738257
7,2018,-17.464249196573,3.01214524110102,2.29205159253045,0.438109282585538,2.14046807346474,0.765385068157882
7,2019,0,3.01366564325054,2.28847306520688,0.487828734393447,2.14255816911272,0.653388186536582
7,2020,0,3.00869492357883,2.27037718037689,0.463402921046273,2.16227332785505,0.742315647969685
7,2021,0,3.01568966341083,2.30313875543993,0.4010790572989,2.14802124641651,0.655808421114045
7,2022,0,3.0196145757515,2.33237817128104,0.411477705818363,2.14802124641651,0.655808421114045
7,2023,0,3.02400690936673,2.30779849008764,0.371493907398212,2.14802124641651,0.655808421114045
7,2024,0,3.02764105359913,2.30466762331364,0.371493907398212,2.14802124641651,0.655808421114045
8,1994,6.83536555146996,2.99605329361728,2.31401587286447,0.748374200378866,1.63798302229731,0.632824025579869
8,1995,19.40004386922,3.00211469189047,2.3339455677294,0.748374200378866,1.59769665036953,0.64481487293094
8,1996,13.8636214604987,3.00626951276551,2.32852541252922,0.748374200378866,1.59039700111488,0.614801664647567
8,1997,19.862918192594,3.00578585681997,2.33682013095334,0.734238603128947,1.62517704596646,0.586584285665772
8,1998,25.5189831039467,3.00549034978739,2.3363311769091,0.719801333048859,1.64417392599576,0.476533657741779
8,1999,1.50051966050407,3.00694257501033,2.33975978640932,0.638245956982717,1.67321468811912,0.412231151346806
8,2000,60.8058385354564,3.01108962902637,2.36462083474288,0.547198172196426,1.63798302229731,0.509335023103776
8,2001,28.5398394948482,3.01427847045991,2.36659290616038,0.636098509135444,1.66196207780898,0.665670052414362
8,2002,38.1532178085308,3.01593697845449,2.35143725219118,0.715953525753781,1.71406673635757,0.43992622185793
8,2003,-64.2964186395814,3.01913481449599,2.3590753588506,0.724210631045954,1.68402236463627,0.395362037330344
8,2004,162.224612655623,3.02360499230596,2.39202627406806,0.652501458035679,1.70442205454339,0.73272317088966
8,2005,18.8959825854685,3.02944976562734,2.40436445277334,0.714705590185408,1.72337246438745,0.658693236317912
8,2006,0.602383505047849,3.03535714137196,2.41278995753635,0.717483353470754,1.74104849082843,0.656781860216904
8,2007,-20.7888474120892,3.03991127985551,2.416691333531,0.727180081087915,1.75759633923107,0.610672744874614
8,2008,-3.60829509042047,3.04157978944677,2.40832434293318,0.739714272158796,1.78420083850397,1.02447898325721
8,2009,39.2457433045801,3.03633695164965,2.39182627475628,0.771293530327172,1.82410097596911,0.614201653119989
8,2010,18.6657063957775,3.03862120516779,2.41237744619508,0.757210127810904,1.8446824510512,0.776512790703054
8,2011,-27.8161158494165,3.04010174668235,2.42578026564769,0.804170878138611,1.87874701527944,0.831054777430761
8,2012,-17.9089697175911,3.03922943286847,2.436578906365,0.806832922089874,1.89293993354825,0.571660376332643
8,2013,19.353731087668,3.03915779535065,2.43660519649745,0.807492932803064,1.91688140174683,0.365851099298641
8,2014,4.88450083940961,3.04117635190413,2.44908210056931,0.864475496945251,1.93474641014044,0.332730588642528
8,2015,-22.4400849318116,3.04559338309238,2.44643100814993,0.849269840047653,1.93474641014044,0.30439312030489
8,2016,-0.77527533220222,3.04782732023672,2.4401937501269,0.788734670045691,1.93474641014044,0.3009389196841
8,2017,5.95326232615336,3.05234293289804,2.43926375865965,0.84023374282797,1.92894803383449,0.356583804526793
8,2018,-105.73551910309,3.05465645678502,2.43617448348701,0.805376532101984,1.93283028831766,0.371582729955298
8,2019,0,3.05757763710645,2.42757043029134,0.803959879561523,1.95479914402092,0.380586141039171
8,2020,0,3.05222267121819,2.41518964375403,0.804668986737372,1.97317283543157,0.395023191990481
8,2021,0,3.05764127262643,2.42658284222509,0.84112798075333,1.97635272520482,0.376435012851296
8,2022,0,3.05880023752038,2.43481601506229,0.846017508580877,1.97635272520482,0.376435012851296
8,2023,0,3.05717371553011,2.41941413740052,0.866036820984264,1.97635272520482,0.376435012851296
8,2024,0,3.05797003781657,2.41886752978328,0.866036820984264,1.97635272520482,0.376435012851296
9,1994,12.4910494270687,3.12386063460904,2.29471340323205,1.11480780014386,1.71406673635757,0.341253285109281
9,1995,13.1502901490563,3.12602865718354,2.29684696791207,1.11480780014386,1.72337246438745,0.355359589008925
9,1996,2.0138409955991,3.12803188647147,2.29671092629037,1.11480780014386,1.71406673635757,0.493766132413203
9,1997,13.8283065486822,3.13039327283192,2.30455445843135,1.1171476152893,1.74945525076715,0.499228002242466
9,1998,6.83299350287302,3.13208114639413,2.3047075187866,1.11947495533681,1.76548650130625,0.153810996704233
9,1999,-5.07417704926353,3.13433701785465,2.30849520190938,1.11543212815065,1.78778236814407,0.502904845839231
9,2000,6.68254988658882,3.13721954088258,2.33427201038369,1.11135157075817,1.83897926169613,1.01930822038117
9,2001,-1.99922482763346,3.13772820986687,2.33629468668633,1.12180154763437,1.85025285026831,0.907244531629601
9,2002,-5.65493332586853,3.13784598170863,2.3375722947948,1.13200613732083,1.87131194364302,0.881569065454534
9,2003,-22.1386183185092,3.13799153702649,2.32891231355185,1.14234004959364,1.8906340796652,0.847016862711817
9,2004,3.76090215596444,3.1401364153875,2.33186330923438,1.14501000012802,1.92698136759131,0.939543524076439
9,2005,5.21545322871871,3.14191168462031,2.34833250452399,1.14649200253706,1.95825692996216,1.08529776535657
9,2006,17.7864693114187,3.1448540070062,2.36448981380529,1.1588622810835,1.94408710969643,1.11501924553128
9,2007,-1.07238052947636,3.14531725510256,2.36941845276751,1.16185392352972,1.98410307976716,1.05008507845398
9,2008,-5.19411381114874,3.14445259874003,2.37740836495277,1.15121953719368,1.99594849375627,1.18965053841443
9,2009,2.74741417066281,3.13959135449628,2.34832416367692,1.14143394601993,2.00716840345643,0.885296552333012
9,2010,4.21700431246645,3.14056444645561,2.35856163485082,1.13639563884072,2.03163289670417,0.900678844869642
9,2011,-8.14738296251815,3.14133318713866,2.37301936754738,1.14214750495848,2.06100683106413,1.05853215120693
9,2012,32.8656279669373,3.14100376376889,2.37721799130275,1.13000831314759,2.09121867441737,1.02042059986228
9,2013,-23.7644995497259,3.14183738436985,2.37589081392473,1.13743687036664,2.0921206616936,0.881777735713105
9,2014,4.14567732361224,3.14249509339659,2.37517434326196,1.18797688114495,2.11898429591004,0.785986744435275
9,2015,4.2825046483056,3.14368048922474,2.37856650598016,1.16692206688995,2.13621741011471,0.481520540664095
9,2016,14.657648133093,3.14561248102275,2.37200142652531,1.13217227576762,2.1326010584538,0.330086586754531
9,2017,3.16126475890595,3.14764449280305,2.37695926885721,1.11006661480667,2.15333020691557,0.440059725940568
9,2018,-51.5363949069005,3.14879892672064,2.38487604577534,1.10102825206411,2.15069448679568,0.53281828897254
9,2019,0,3.14994494088006,2.3899571913682,1.11837652081347,2.16719725546772,0.420135059937062
9,2020,0,3.14815721374999,2.37734340427891,1.11079380944726,2.18066404782115,0.160932520688483
9,2021,0,3.15317063706148,2.39065401548762,1.13565711938082,2.18066404782115,0.326662871382221
9,2022,0,3.15287668405586,2.41955224789278,1.13670440984193,2.18066404782115,0.326662871382221
9,2023,0,3.15275860330153,2.41634828959726,1.13923257318485,2.18066404782115,0.326662871382221
9,2024,0,3.15524226743639,2.41924328524979,1.13923257318485,2.18066404782115,0.326662871382221
10,1994,1,2.94811987904659,2.43972265177263,0.522650681220486,1.85025285026831,1.3015699175972
10,1995,0,2.9545966771965,2.428748328561,0.522650681220486,1.98712656721595,1.3015699175972
10,1996,3,2.96112233769345,2.42085928785195,0.522650681220486,2.01782079972786,1.35975723404092
10,1997,-1.5,2.97486990044932,2.44308142443675,0.529332807771298,2.016518494779,1.29700263496923
10,1998,25,2.9801607900525,2.44954518714972,0.535967897322534,1.98712656721595,1.11463654280958
10,1999,10.0019228920474,2.97943068812863,2.43494269580512,0.536966120614543,2.016518494779,1.26880298520546
10,2000,11.1681364930445,2.98864141174436,2.41201116565052,0.537963272530523,2.01388930193121,1.45327130479621
10,2001,2.04100815424983,2.99500154969984,2.41208286683985,0.608833627347028,2.00163282099061,1.37053708484756
10,2002,5.55842060336931,3.00229868370489,2.40742504292868,0.67406466220524,2.00716840345643,1.26535629622752
10,2003,-1.19309997254379,3.01014573365448,2.40664408319276,0.660609964702795,2.01520802696146,1.20009950407257
10,2004,10.9560249524461,3.01717846754113,2.41679047154975,0.72969096087658,2.016518494779,1.04621289437082
10,2005,2.43687426109423,3.02657537084425,2.42470120544458,0.741717036134081,2.00163282099061,1.06078719318169
10,2006,3.97949755848598,3.03611122337223,2.42561323991103,0.86014384820087,1.97635272520482,1.06204716945909
10,2007,1.9982661461847,3.04351408072588,2.42218366333931,0.85658573506836,1.99738392094077,1.03893145900265
10,2008,2.64,3.03875339309263,2.42569188729928,0.872244341705545,2.02295022405466,1.18669295191273
10,2009,2.09229860649847,3.02370847208286,2.39766672285697,0.857725299812139,2.0651713813216,1.03992138856222
10,2010,0.988540235016587,3.02627434047498,2.43440523338781,0.871167581861513,2.07619753492269,1.03338513089943
10,2011,2.22998500392338,3.03363537665586,2.459989823446,0.881654782968376,2.07521990035649,1.10453376064634
10,2012,1.55728921546346,3.037436062622,2.46242104339017,0.870145505152424,2.0732501465458,1.15551187318038
10,2013,1.88775961489708,3.03944092265149,2.45779176167025,0.888734266576918,2.06823918266756,1.10861582858518
10,2014,2.97442804959579,3.04280757213666,2.45075933441609,0.963958461521364,2.07619753492269,1.09877269335568
10,2015,3.24524969295434,3.04447754605631,2.44014734374863,0.935983997128885,2.10263317049111,0.992972279079775
10,2016,-4.69813816425542,3.04734045855232,2.43925836594006,0.889286634711818,2.09391232843736,0.913279142479148
10,2017,2.40438961364063,3.05240714967546,2.43556775528558,0.913972657350107,2.09656956941186,1.08916703863864
10,2018,-32.3728281124773,3.05549934277314,2.43417920036662,0.894173762115275,2.10601540889726,1.16760744397296
10,2019,0,3.05858436175895,2.43033049020095,0.911482992623406,2.12742006802611,1.11106301926769
10,2020,0,3.05565306864683,2.42660137592505,0.950121381109423,2.18567614029781,0.987128183474005
10,2021,0,3.06298063816067,2.45346302498545,0.971557061197103,2.17199372353767,1.08546316725862
10,2022,0,3.06057987562682,2.46881159700165,0.985641273773859,2.17199372353767,1.08546316725862
10,2023,0,3.05649426822545,2.44707053973374,0.985680772422131,2.17199372353767,1.08546316725862
10,2024,0,3.05626894708818,2.44306584640089,0.985680772422131,2.17199372353767,1.08546316725862
11,1994,9.55555555555556,3.08954589176295,2.2782100652355,1.13895917741031,2.07423745216549,0.492853004895375
11,1995,12.3927658398475,3.09296130954759,2.28343757110323,1.13895917741031,2.09480207636723,0.446010024262662
11,1996,6.44235096920082,3.09591710866211,2.28856399960179,1.13895917741031,2.09121867441737,0.443000241199979
11,1997,16.0190475476004,3.10123327780987,2.2958991032528,1.14487023536884,2.10768475400264,0.440315214679177
11,1998,0.131533410441164,3.10575399853821,2.29218814682284,1.15070023206835,2.12132194310043,0.423452156769422
11,1999,17.2011427046237,3.10938035413465,2.28997429585148,1.15087495165371,2.11898429591004,0.380437638520019
11,2000,-9.89531907860774,3.11416737616725,2.314336360592,1.15104959905487,2.13039782607881,0.404534031313448
11,2001,5.38977428734864,3.11627369091182,2.30174195677524,1.14451112088875,2.11098102944513,0.355063420046258
11,2002,0.046249729006288,3.11753878602315,2.29900380372838,1.13787054533337,2.11341698314311,0.398288114018743
11,2003,-0.254237589936563,3.1190868520013,2.29538345869818,1.15241703372276,2.10433162504009,0.358044950344188
11,2004,-1.78491499729121,3.1222903004084,2.3036584111785,1.14749197588466,2.12591362253094,0.292118738936614
11,2005,3.07783920476746,3.12439622007133,2.3186252221575,1.15040285994625,2.12891474635504,0.289690409941572
11,2006,1.64574115517698,3.12751300362789,2.33184650098307,1.15264661547861,2.12666832684814,0.357539450451373
11,2007,-4.08396269067332,3.13166089164065,2.3338579064243,1.13596367152793,2.13113506818357,0.393414914109806
11,2008,4.02603775992549,3.13193601174496,2.34138803813237,1.13962181771483,2.15069448679568,0.369657068680545
11,2009,6.03047114896349,3.12415477088731,2.30130095981659,1.15344353153215,2.13621741011471,0.32173020742133
11,2010,-2.02701329055123,3.12648840109598,2.3157296990247,1.153100430605,2.14255816911272,0.467777255809939
11,2011,2.54663078697339,3.12814981628675,2.3239504828187,1.14739931608344,2.15398338792234,0.490335753696243
11,2012,2.89964601630398,3.12639061865224,2.32570088090334,1.14858591493509,2.17609078188409,0.525013191143234
11,2013,8.87385588975052,3.12512398430513,2.32089022173597,1.15164534718491,2.17492946149582,0.463185823866463
11,2014,-3.56654251494682,3.12434077116121,2.31355652797749,1.19369649871695,2.19001868022021,0.450626842943652
11,2015,-1.01051869663741,3.12446015144065,2.30640589508087,1.17637707355341,2.20044134060137,0.419836342277598
11,2016,-0.078506867197886,3.12643437349416,2.3057477579624,1.16504583191207,2.19634398410367,0.389490978471522
11,2017,1.0213764617139,3.12907169506901,2.31696211465753,1.16916994905713,2.20641787782781,0.426443567556727
11,2018,-51.4198405287298,3.12999130606631,2.32500055813117,1.17175469400858,2.2054354805837,0.514203733390221
11,2019,0,3.13106460052056,2.32844059121329,1.16628931903577,2.21125070957909,0.350330254472214
11,2020,0,3.12873758598519,2.30701542363211,1.16779351485332,2.22008765699606,0.281627758122504
11,2021,0,3.13086201853099,2.3265731554927,1.16650333269225,2.23277968554185,0.421883875208096
11,2022,0,3.13128760971442,2.35890836707315,1.15222514768507,2.23277968554185,0.421883875208096
11,2023,0,3.13002938825907,2.33999701767851,1.15460850476346,2.23277968554185,0.421883875208096
11,2024,0,3.12983098481843,2.33523534704431,1.15460850476346,2.23277968554185,0.421883875208096
12,1994,44.5202038383793,3.08966127263892,2.20321197818401,1.00677212296352,1.84748389752547,0.0711222883214852
12,1995,37.5624081272322,3.09139900122605,2.21140161448822,1.00677212296352,1.83897926169613,0.0716037119033866
12,1996,34.1781317410177,3.09233263443555,2.21461603883235,1.00677212296352,1.83313742834362,0.07294306138541
12,1997,42.7332086285717,3.09426871822306,2.23109715663348,0.984819027916059,1.81788435693178,0.0636322753005025
12,1998,20.8282284573398,3.0969994334345,2.2378630675087,0.961856031887787,1.8082526214155,0.0454818802706201
12,1999,15.3938386742164,3.09954568639442,2.23888242982414,0.97504692245088,1.8115054024445,0.0458126671070772
12,2000,9.02041330824479,3.10257375193055,2.26218607019455,0.987901639975978,1.79479498824035,0.0696317043373757
12,2001,28.6108191940797,3.10360699029161,2.25897371747917,0.945055886450346,1.79822858334139,0.0630649386645243
12,2002,-7.25278875270946,3.10390713474528,2.25245733355225,0.898374063283837,1.77313933709413,0.0567768227653204
12,2003,-34.0306923547543,3.10413777379037,2.24262741966968,0.949395188765854,1.77688072259414,0.051204164719185
12,2004,54.5400579949546,3.10601224799393,2.24716168100972,0.985230724092583,1.78056741440334,0.0406036269140121
12,2005,-0.467659596977184,3.10701196383001,2.25504160613116,0.978652130454734,1.76934177652865,0.0417031099508828
12,2006,-2.38274325889048,3.10877973436369,2.26248249258922,0.998959118551649,1.76548650130625,0.0481203451879298
12,2007,11.1694396471777,3.11045472433924,2.26348757220229,0.996831549019579,1.79822858334139,0.0484456063442176
12,2008,5.64662963768438,3.11029581212792,2.26708343502186,1.01128784584519,1.83313742834362,0.0539277417858149
12,2009,-5.00024750824239,3.10728442922695,2.24102435530631,0.992911869308467,1.85298998668053,0.0494183558317434
12,2010,43.7738032239431,3.1086114761166,2.25785993961792,1.01252071754593,1.87131194364302,0.0546028133928901
12,2011,-2.88905687286471,3.11032671077832,2.27195235661532,0.986937489478593,1.83607605580877,0.0486540108920033
12,2012,-0.0994594323095503,3.11005964460514,2.27546179238357,0.989630244200846,1.88117362914884,0.0483233216508585
12,2013,2.34090311321023,3.11029267206904,2.27598949586605,0.976562446611734,1.90630920820275,0.0481326401835741
12,2014,-2.82491305933897,3.11075361565021,2.27723420883381,0.995774565925974,1.90193891055494,0.0461923034002916
12,2015,-7.43161550680236,3.11138105024505,2.28144139684872,0.962754023976162,1.90413451187139,0.0409684085185173
12,2016,-26.6142946459242,3.11190764583228,2.28092517167427,0.956723434512437,1.92299557627521,0.0401685447765914
12,2017,-10.4261728618525,3.11348093977649,2.28735605461801,0.974912548284979,1.92097587931583,0.0362092134380374
12,2018,-147.675319535798,3.11461056872838,2.29162347689343,0.974206152172004,1.94225014492888,0.0428788183721731
12,2019,0,3.11609345935733,2.29050138699356,0.964596196687721,1.94771590959017,0.0337749720555998
12,2020,0,3.10893908501964,2.26589845752404,0.93524559286485,1.96994551182446,0.0266255718742898
12,2021,0,3.11453699602955,2.28234232742941,0.918569647853749,1.95996556414596,0.0325251641489257
12,2022,0,3.11646553140737,2.31702438436392,0.883834513407354,1.95996556414596,0.0325251641489257
12,2023,0,3.1174856436665,2.30270344239519,0.883828802720056,1.95996556414596,0.0325251641489257
12,2024,0,3.11829953247842,2.29549088372142,0.883828802720056,1.95996556414596,0.0325251641489257
13,1994,49.4302347710144,3.09805700045969,2.18945859492456,1.05010371799503,1.23312502010091,0.0617436317257637
13,1995,114.859588507212,3.09913738905676,2.19740873250936,1.05010371799503,1.23312502010091,0.0747301845037204
13,1996,27.1119446371631,3.09980586256186,2.20396954676614,1.05010371799503,1.21110408138671,0.0820918348268247
13,1997,67.3861934503262,3.10132550786282,2.22492296286374,1.052149108644,1.32749863722543,0.0804599410245675
13,1998,23.6498315703836,3.1031725661951,2.23259152978562,1.05418554939385,1.3593642103115,0.0528481403717864
13,1999,39.2980525750056,3.1050017071085,2.23826376295476,1.05213102748193,1.4023094673217,0.0466279825983926
13,2000,13.5339386674413,3.10741491488391,2.26713817945624,1.05006739584833,1.45221607015276,0.0938704416184901
13,2001,50.6385809134012,3.10871243727771,2.26839295678032,1.05415778770844,1.47458282525919,0.130779554611823
13,2002,-28.559265168957,3.10835880943647,2.26412318183394,1.05821247102944,1.52444321618213,0.104444721555502
13,2003,-64.4983426073494,3.10783562317427,2.26616214008579,1.05924430934774,1.60481704400512,0.0960827424538046
13,2004,19.8937085694828,3.10888524356334,2.27952648065925,1.0536029839013,1.66196207780898,0.13753153611683
13,2005,80.6196094177823,3.10972120223845,2.29207478148765,1.06393489505444,1.71406673635757,0.137974040769993
13,2006,33.286647535598,3.11319399548477,2.30857729501053,1.10010363334545,1.76934177652865,0.162469700292849
13,2007,-5.85966915347139,3.11583670257879,2.31422729101709,1.09581006178012,1.83313742834362,0.169269524745954
13,2008,14.718392078734,3.11678694876911,2.317409827421,1.08934516990753,1.82410097596911,0.296999611585783
13,2009,-5.31326411898058,3.11195546113225,2.28962488538824,1.06280750511034,1.83897926169613,0.157619620521683
13,2010,15.7814035316827,3.11568442184341,2.3115958678958,1.05921850298043,1.86363322807167,0.193095362744665
13,2011,-4.63747964997201,3.12057907156115,2.32325202693391,1.05295423783496,1.88595214039424,0.224714461641145
13,2012,9.70905062865625,3.1208210418842,2.32546011212945,1.06934262334704,1.91059731602051,0.163390486828574
13,2013,20.2393771203753,3.12092963512826,2.32114316827189,1.06066136693917,1.91059731602051,0.124410756803352
13,2014,-4.0415954425785,3.12246062308379,2.31928399075804,1.12310912776509,1.91893792222846,0.0970556477620494
13,2015,-9.98499253324634,3.12314940391598,2.32157001989311,1.09686521455435,1.93089758412947,0.075866203150132
13,2016,57.5049100567095,3.12437059413453,2.31713480871752,1.04139345274899,1.92299557627521,0.0641322184231203
13,2017,-6.11988617617145,3.12646214269402,2.32081407256633,1.03828894671108,1.94225014492888,0.0681579762038211
13,2018,-254.279373917744,3.12718769045709,2.32495554646923,1.0440920631609,1.95653485476009,0.0845634571337345
13,2019,0,3.12784161201209,2.32482823554202,1.04072853810048,1.97476862963213,0.0923627132424855
13,2020,0,3.12407268743312,2.3090482764333,1.01972973984921,1.99594849375627,0.0765953426242697
13,2021,0,3.12739703294217,2.32688857760625,1.03752383877297,1.98257519636465,0.0769328495295523
13,2022,0,3.12898385642883,2.3470289816556,1.02387513058212,1.98257519636465,0.0769328495295523
13,2023,0,3.12810556565506,2.33175727092972,1.03051107240818,1.98257519636465,0.0769328495295523
13,2024,0,3.12743031308283,2.3248710757168,1.03051107240818,1.98257519636465,0.0769328495295523
14,1994,6.48744607081547,3.03230853601351,2.15476570489384,0.822715844810867,1.74528604941362,0.0711569641658142
14,1995,16.6546623435535,3.03385667248818,2.16055414685745,0.822715844810867,1.75759633923107,0.0686004602368239
14,1996,6.35000635000952,3.03475165515678,2.16488038006635,0.822715844810867,1.75355805410956,0.0725620391676735
14,1997,17.9042793317912,3.03767031004709,2.18031676844311,0.747960166378449,1.74528604941362,0.0461317161488341
14,1998,3.13994228237668,3.04036942400751,2.19680906344382,0.663737580008954,1.72790479339123,0.0272463367193016
14,1999,10.3471168556816,3.04250503309237,2.22401869357382,0.690696510198784,1.74528604941362,0.0289752645317313
14,2000,34.6565324014858,3.04597003301751,2.2668507220998,0.716682653250913,1.73674053195658,0.0724702571323774
14,2001,3.2607216330651,3.04978254735239,2.25884437852971,0.674449647880975,1.70442205454339,0.100102881968861
14,2002,17.7318739798903,3.05375445098988,2.23215927713914,0.629653555728222,1.71406673635757,0.0501355917202443
14,2003,-27.7524150459109,3.0588225205788,2.22276400010079,0.672713678772009,1.72790479339123,0.0383873162908892
14,2004,23.8136339958161,3.06348705367731,2.23119034603951,0.739076677358037,1.73674053195658,0.157703570100114
14,2005,13.4674453398311,3.06431036069691,2.23343523293234,0.669684954828029,1.74528604941362,0.131245418192445
14,2006,26.256468737011,3.06983310020337,2.23655917108098,0.718089803991985,1.76548650130625,0.188533212162174
14,2007,5.49737423693774,3.07278641985434,2.25015317504846,0.715631950223152,1.74945525076715,0.312495199062288
14,2008,22.5439079672987,3.07259423830244,2.25974213655412,0.712221088665299,1.75759633923107,0.334316063100126
14,2009,-20.854606894494,3.06845569546818,2.21585394469347,0.576165305350008,1.79131332634093,0.119647520170486
14,2010,-10.0351388985678,3.0628813585009,2.23580445481112,0.529827693366692,1.85837142018353,0.264978761541084
14,2011,-2.3424932038312,3.0532709137326,2.2567798085578,0.490868684408626,1.85837142018353,0.343433110087249
14,2012,9.727377909698,3.04555665562682,2.27786917489814,0.37054840285826,1.92299557627521,0.229955649491651
14,2013,36.0561170674499,3.04406218062122,2.27968169933327,0.437681013796771,1.96666944378771,0.159978898701922
14,2014,-21.6395816321081,3.04544464772219,2.29051513762821,0.358074631848355,1.96334326771324,0.124137761689503
14,2015,10.0555299351809,3.04585307037729,2.28697392249717,0.247353411030562,1.98103636505647,0.0712304670619715
14,2016,14.1880965959839,3.04621751554749,2.28192726648512,0.111925037288418,1.96334326771324,0.0903513026786705
14,2017,-2.8903224948667,3.04779115292474,2.30342048656851,0.0502243502804561,1.96334326771324,0.107327677283548
14,2018,-84,3.04991667635055,2.32523137388025,0.112540388812153,1.98712656721595,0.10750806145988
14,2019,0,3.05214187874553,2.32850274762922,0.156778560715718,1.99594849375627,0.0703597898549364
14,2020,0,3.04320712417013,2.30176904619497,0.281367973462644,2.01782079972786,0.0388264516878458
14,2021,0,3.05222179545773,2.34536984405215,0.310855307536129,2.03524529974926,0.087299660284366
14,2022,0,3.05845881749565,2.38370990986735,0.314454900845398,2.03524529974926,0.087299660284366
14,2023,0,3.06070240366659,2.3547093120897,0.210028968796212,2.03524529974926,0.087299660284366
14,2024,0,3.06265139206893,2.3491304196961,0.210028968796212,2.03524529974926,0.087299660284366
15,1994,7.29800449199762,2.96035873022665,2.25682761751721,0.745618269874947,1.58290994290006,0.561858908028201
15,1995,32.9579146477904,2.96202886817071,2.32261472870931,0.745618269874947,1.60481704400512,0.651233206203921
15,1996,6.48523341346975,2.96231038668501,2.33422553157133,0.745618269874947,1.58290994290006,0.650492389448789
15,1997,44.6346873983557,2.96553899120789,2.35915658706481,0.717291548811274,1.59039700111488,0.545759560763242
15,1998,8.7111660881858,2.96965109945387,2.38234675235202,0.687757554214556,1.59039700111488,0.224757475594879
15,1999,39.8104242569465,2.97304685482033,2.39313690701586,0.693610304814559,1.59039700111488,0.344481433369408
15,2000,24.2630566319189,2.9777035003903,2.42643499649842,0.699415661525751,1.59039700111488,0.622579647149225
15,2001,24.7249423451826,2.98197102681068,2.41808461083953,0.710390736782237,1.58290994290006,0.603095264398075
15,2002,36.2578006002804,2.98692041142482,2.39998207001563,0.721196315780058,1.59039700111488,0.426816371435252
15,2003,-15.6344673069026,2.99108748326913,2.39770998272859,0.682586396390975,1.57522678743277,0.396342505670293
15,2004,27.9096445349008,2.9961508118159,2.40790729604508,0.707714686465817,1.54233799591147,0.422815322130707
15,2005,52.0342045224685,3.00053766441261,2.41411812715659,0.703266007999239,1.71406673635757,0.388798093891656
15,2006,-3.66694099837541,3.0045149128008,2.44098868176243,0.782429413508106,1.74104849082843,0.498672069897398
15,2007,-37.0182497276652,3.00499607780134,2.44818740711854,0.763109232652501,1.78420083850397,0.437261210821715
15,2008,-2.79466966820373,3.00614550019376,2.45129942291973,0.747268990523242,1.78420083850397,0.585326980301967
15,2009,-30.3673801240138,2.9993868399936,2.43637076377505,0.660828291371743,1.88117362914884,0.443605745496314
15,2010,11.3873430183063,3.00066644989018,2.45063466857813,0.661804866533178,1.90846335929239,0.466079234225575
15,2011,-13.9924689452211,3.00282995058243,2.45999824111245,0.65137242134661,1.93283028831766,0.596513938234628
15,2012,4.92655211592405,3.00200543003011,2.45940842233921,0.550147677576116,1.96501270662774,0.555536350837269
15,2013,-0.540914499320568,3.00447376095477,2.45766197840834,0.529166271857382,1.97635272520482,0.470617466226046
15,2014,-3.26765473885266,3.00905750619862,2.46162080485586,0.471735873007451,1.95128601726827,0.383664155407155
15,2015,-13.4744307370643,3.01294207815971,2.46054285726868,0.365126960107771,1.94950819128584,0.277830051571261
15,2016,10.120196622873,3.01568195101595,2.45713997316055,0.392501206679674,1.94408710969643,0.223263849183144
15,2017,-7.56905496599233,3.0199561360023,2.45823644337199,0.494089281783888,1.93089758412947,0.275431961910331
15,2018,-77.110310594628,3.02545085978929,2.45581532519,0.50780980665646,1.91059731602051,0.334693329690999
15,2019,0,3.03035624308574,2.4528805923709,0.463283360241004,1.91059731602051,0.295100060890131
15,2020,0,3.02631629825423,2.44699760280234,0.458190073718611,1.93474641014044,0.201878805672034
15,2021,0,3.03343497508039,2.45209014284019,0.468666414589108,1.94408710969643,0.382809638458492
15,2022,0,3.03759354411431,2.47746057830107,0.399716044516178,1.94408710969643,0.382809638458492
15,2023,0,3.03693677628594,2.45122654728775,0.403985059768879,1.94408710969643,0.382809638458492
15,2024,0,3.03777232623865,2.43779616857407,0.403985059768879,1.94408710969643,0.382809638458492
16,1994,0.577350269189626,3.1100621045784,2.28075224602438,1.04745508074241,2.2489038113475,0
16,1995,4,3.10968285319809,2.28395598569584,1.04745508074241,2.25458457320086,0
16,1996,9.23760430703401,3.11311400853485,2.29720146495814,1.04745508074241,2.24143030397298,0
16,1997,2.26133508433323,3.11598380795292,2.29882844957278,1.05697941260408,2.25157806899024,0
16,1998,0.390566732942472,3.12101966679805,2.30309960159524,1.06631182914826,2.26008425796288,0
16,1999,-4.31800431800648,3.1233193484166,2.29655421153975,1.08759073376595,2.26921841003493,0
16,2000,0,3.12631892752077,2.30163939968138,1.1079073760503,2.27226973109733,0
16,2001,0.377964473009227,3.12845358897782,2.311740034259,1.11684676535167,2.27690996354976,0
16,2002,-0.547722557505166,3.12814607900629,2.29724579591575,1.1256068101802,2.27625479329365,0
16,2003,-0.384900179459751,3.12951189032693,2.29340771418696,1.14186996903967,2.27625479329365,0
16,2004,0.6,3.13514345684585,2.30017964752205,1.13847432081354,2.27625479329365,0
16,2005,-1.70084012854152,3.13965709947454,2.30433394478342,1.14734275246335,2.27886040148667,0
16,2006,-1.37649440322337,3.14239260070846,2.31873176822369,1.13193831794076,2.28364022976786,0
16,2007,0.832050294337844,3.14742263700589,2.31090306571746,1.11679539403156,2.29399654544663,0
16,2008,1,3.14727318250513,2.33161681946533,1.12394352132249,2.31190043416715,0
16,2009,0.447213595499958,3.13949770572334,2.34748882155692,1.08108309839525,2.31374600345434,0
16,2010,1.06600358177805,3.13767810377849,2.35474809484472,1.08099095205197,2.31711942396167,0
16,2011,1.539600717839,3.13860009157497,2.36957699166287,1.07540438264308,2.31992060280521,0.000381433840381464
16,2012,3.38061701891407,3.13914541640263,2.37377867328178,1.07209314718891,2.32142853375466,0.000359195513841968
16,2013,1.21355975243384,3.14138086426254,2.36500184914309,1.06446603375686,2.31916138800499,0.000366094138458624
16,2014,0.5,3.14205644488512,2.36033912448753,1.08033383323092,2.32117817660437,0.000347132773297259
16,2015,0.848874687627165,3.14434520397856,2.35955350474752,1.0579465151939,2.32217730977772,0.000299591976573582
16,2016,3.34863156129983,3.14833282173672,2.3448238791208,1.00657999063835,2.32924336206256,0.000252335381651608
16,2017,2.84368395950367,3.1492579527767,2.34176107457685,1.03725947058847,2.32900475019083,0.000217386581868529
16,2018,-11.5325625946708,3.15086381048452,2.34734730069727,1.07249386824844,2.33043118350239,0.000196537393631673
16,2019,0,3.14995126555621,2.33599698606797,1.08701393611973,2.33113972020828,0.000108843841632216
16,2020,0,3.14265284478649,2.29708405558718,1.09420917454021,2.33394325375154,0.000108794098464705
16,2021,0,3.1455884524783,2.31771351591723,1.08283835320418,2.33278101391666,0.000106967737385322
16,2022,0,3.15067885755463,2.35588019748174,1.07984799571912,2.33278101391666,0.000106967737385322
16,2023,0,3.15418003328446,2.34405341569296,1.08543015813698,2.33278101391666,0.000106967737385322
16,2024,0,3.15316253053572,2.34089529066634,1.08543015813698,2.33278101391666,0.000106967737385322
17,1994,7.99783005285254,3.08117971256727,2.41200171097556,1.01298646776784,1.21110408138671,0.112197742257818
17,1995,14.4151287332358,3.0891056837524,2.42494695395155,1.01298646776784,1.13681806866811,0.139624701405404
17,1996,10.9171558520788,3.09484190397935,2.42847219004766,1.01298646776784,1.16308559819519,0.125573884097125
17,1997,10.5418380842504,3.10334910489457,2.43269751637155,1.02881263859385,1.13681806866811,0.136885946184945
17,1998,6.35691893223209,3.10992321634951,2.45056242146802,1.04413020295914,1.23312502010091,0.0373319181087293
17,1999,4.60477190713595,3.11780203562787,2.45282227992849,1.03541749006636,1.18779982795243,0.0315873198530642
17,2000,4.13092194661582,3.12454079983159,2.4681086646061,1.02654141653809,1.16308559819519,0.0761864089009184
17,2001,6.41179468722378,3.12767514320355,2.46799915870619,1.03606810169596,1.16308559819519,0.0565977132349359
17,2002,-14.056113414608,3.13120866278739,2.45687766984967,1.0454067310983,1.21110408138671,0.047545055911884
17,2003,-32.1156138627079,3.13237629546869,2.43782801447706,1.00633357071242,1.16308559819519,0.0356212765650175
17,2004,16.3767751175524,3.1364940368501,2.43789428443887,1.01640375597591,1.23312502010091,0.0548580760506982
17,2005,9.06777805917642,3.1394397943769,2.43976060515693,1.04172272295475,1.34378765724865,0.0635190850470832
17,2006,3.7501013773807,3.1413152954753,2.44190110362038,1.08169255847856,1.38858079834503,0.29988636353244
17,2007,-4.79119041762875,3.14328335445665,2.44573560438042,1.08758887262789,1.42819925428433,0.277755341427027
17,2008,5.32317274602675,3.13756029102288,2.453002163975,1.08022511442489,1.50544159689903,0.039615183859926
17,2009,-2.13544495776295,3.13213586545174,2.46679164375795,1.09207663703566,1.59769665036953,0.0448052844437292
17,2010,4.82507689484826,3.13311427661405,2.48196731587868,1.09736176669741,1.59769665036953,0.108164536027187
17,2011,-9.96509380445469,3.13412294238559,2.47863163599006,1.09308670809638,1.69946556508538,0.0959475524367974
17,2012,10.5308689100188,3.13340167257895,2.48220762604169,1.08728021459852,1.69441561661104,0.0584904503066851
17,2013,1.18060255540228,3.13482935635675,2.49016464787013,1.08177123667333,1.73236004120165,0.0370721272855552
17,2014,-6.56882771028722,3.14196047347261,2.49929312375644,1.09729447664498,1.77688072259414,0.0353811014543626
17,2015,5.63079513874667,3.15996622529642,2.50864925397503,1.08763126129722,1.80161529759565,0.0187685044701522
17,2016,1.45235717677144,3.15990798849084,2.51976122015395,1.0004358362827,1.76934177652865,0.0651326507112652
17,2017,3.5773933832196,3.16689742722423,2.515421125956,0.968399950733812,1.82101248893922,0.112358455669526
17,2018,-50.6754378372797,3.17189508315302,2.50774342941713,0.980433510550632,1.8418478124931,0.125415031780986
17,2019,0,3.17462381547101,2.53124045316164,0.955415541578772,1.88117362914884,0.0670696743719778
17,2020,0,3.17932538861552,2.53193074206955,0.996804458318966,1.91271142068667,0.0367461405763301
17,2021,0,3.19061790896966,2.51384837765276,1.010120565413,1.8906340796652,0.100647346790161
17,2022,0,3.1949310735436,2.51845202995143,1.0220569591716,1.8906340796652,0.100647346790161
17,2023,0,3.19128853391934,2.51972191955152,1.05795168308723,1.8906340796652,0.100647346790161
17,2024,0,3.19210303230611,2.52400590058556,1.05795168308723,1.8906340796652,0.100647346790161
18,1994,8.35991837843634,3.07701162835181,2.26917653190871,0.926963958667953,1.62517704596646,0.00368603486337897
18,1995,14.7875032002045,3.08043344815248,2.2678079948588,0.926963958667953,1.60481704400512,0.00368603486337897
18,1996,51.5812511992989,3.08323400306015,2.26341176158914,0.926963958667953,1.60481704400512,0.00324587341332291
18,1997,14.3686317208953,3.08419377321594,2.26140507903837,0.863301403508192,1.62517704596646,0.00407311960150452
18,1998,29.1104847317941,3.08578442301226,2.25901451233977,0.791686675798992,1.65023072046071,0.00256429736550818
18,1999,14.7959088574822,3.08642046557078,2.28532703846823,0.793590725483542,1.63798302229731,0.00336605905234852
18,2000,22.7060612478542,3.09150349714472,2.29618811125585,0.795488988800683,1.64417392599576,0.00201911425992433
18,2001,3.91790760483195,3.08961596507455,2.27703933751411,0.81346354729078,1.66196207780898,0.00114015192456124
18,2002,-5.06892159988916,3.08766239390344,2.28758717493082,0.830922791626308,1.67321468811912,0.00121323021046464
18,2003,-13.1373349480183,3.08732839421015,2.29186145417112,0.745895329478854,1.67321468811912,0.000949386488484783
18,2004,31.9147880449702,3.08985252306884,2.31446071670796,0.709006359249618,1.68402236463627,0.0354868738908602
18,2005,4.41850815159532,3.09214910400452,2.32298279470639,0.684068232909896,1.69946556508538,0.059555512321755
18,2006,35.4611203141916,3.09548076390715,2.32325768222758,0.734453884301706,1.69441561661104,0.105400897445048
18,2007,0.829072128825676,3.0994069171792,2.32424866405506,0.689483529077841,1.68402236463627,0.127886766529389
18,2008,-42.3259569415275,3.10066092870517,2.3155216018925,0.702506669385043,1.78056741440334,0.368883042345785
18,2009,15.1301488480049,3.09961798321914,2.27551682297219,0.701023537559731,1.76548650130625,0.300377222930867
18,2010,5.93307553118582,3.10281499537307,2.2880835332317,0.745166461276965,1.76934177652865,0.172253097084359
18,2011,-7.20183858546809,3.10596963316535,2.29782011639054,0.797774933694225,1.78778236814407,0.273643787108854
18,2012,9.43288160209535,3.1064803744652,2.30083978387621,0.755991507789799,1.34378765724865,0.263808984747386
18,2013,6.91032405578846,3.10838894878853,2.28343290217375,0.779593472041382,1.4023094673217,0.256897251181775
18,2014,-1.14038564930677,3.10998088725057,2.27564107611946,0.848351264703226,1.45221607015276,0.236171162437258
18,2015,2.3796147380977,3.11018709345227,2.26610441358672,0.860736490414619,1.45221607015276,0.221989477932507
18,2016,10.8691927288955,3.11232355001338,2.26223234831789,0.815378441387757,1.48520724747297,0.182706058570734
18,2017,-15.3275471685244,3.11437882924118,2.25673241776946,0.789283129636759,1.47458282525919,0.174022749865068
18,2018,-92.6228913390205,3.11614930309804,2.26556629094916,0.773463084628202,1.46359323904057,0.238677001307597
18,2019,0,3.11768268896009,2.25689877621676,0.801143447272016,1.53352180817111,0.187437444487049
18,2020,0,3.11431458234802,2.2371035376366,0.759853560121936,1.61855024836491,0.266029236270397
18,2021,0,3.12075730632766,2.25158445369142,0.743489386418432,1.65615849738557,0.41610517227328
18,2022,0,3.12436946939959,2.27208432702023,0.764818113949521,1.65615849738557,0.41610517227328
18,2023,0,3.12332077829008,2.26291267077944,0.668978033804522,1.65615849738557,0.41610517227328
18,2024,0,3.12297194803084,2.24987130937223,0.668978033804522,1.65615849738557,0.41610517227328
19,1994,38.9196703575549,3.08890493272402,2.18546728852324,0.824184446771381,1.59039700111488,0.0577210155156419
19,1995,62.6189545276465,3.09148756144421,2.21210456761608,0.824184446771381,1.53352180817111,0.0791722906080863
19,1996,36.1327728608766,3.09267343465576,2.19841477182362,0.824184446771381,1.55923447689861,0.0799644791370319
19,1997,56.251053200843,3.09435174006015,2.2067954795558,0.756209919253947,1.55923447689861,0.0811401211489139
19,1998,54.1149331800133,3.09594148862014,2.20932295143978,0.68039619485684,1.55923447689861,0.0237489054359892
19,1999,22.108621797353,3.09742752560555,2.20705278500282,0.691704265391407,1.57522678743277,0.0382695191574755
19,2000,64.0571452717304,3.10081432710063,2.23309497023664,0.702837229560869,1.58290994290006,0.0910791419089055
19,2001,101.812623904281,3.10254262755929,2.23135199887378,0.672341051436211,1.60481704400512,0.102362577427313
19,2002,59.7389487900139,3.10260694266966,2.22266120251602,0.640534522359484,1.61855024836491,0.0893911968441447
19,2003,11.7537410223575,3.10218185650722,2.21406119341097,0.605482256085754,1.65615849738557,0.0824245297517198
19,2004,80.4243681511645,3.10282643133584,2.21993509997011,0.534428615763259,1.63798302229731,0.0775875697557722
19,2005,46.5934720361679,3.1029841056584,2.2281684169188,0.471768075139167,1.68402236463627,0.101287519706359
19,2006,24.8200034715202,3.10422354726541,2.24391853364823,0.362483093413863,1.72337246438745,0.122045253635055
19,2007,29.3911859789572,3.10497834755096,2.25130505860531,0.437872252765949,1.77313933709413,0.116278592459819
19,2008,8.68552899912109,3.10336684189829,2.24895868415044,0.421556276691367,1.8418478124931,0.150647539256354
19,2009,34.1812252642089,3.09794773867619,2.21001375574896,0.380028156935701,1.88595214039424,0.0905149988235813
19,2010,36.7090622173006,3.09891612166513,2.23884755943572,0.427278223413666,1.89293993354825,0.107379315914809
19,2011,-1.1940094473718,3.09922831824229,2.249948685361,0.45091718089428,1.87131194364302,0.154761318798206
19,2012,-16.6843496923978,3.09612026165512,2.25151928044023,0.403012664374887,1.92698136759131,0.168050378369561
19,2013,-1.64536592061489,3.09428213400346,2.2482642423861,0.411753419252248,1.96166094784499,0.154245365819521
19,2014,9.43045517840423,3.09426724482766,2.24988099400077,0.399784319406201,1.97476862963213,0.137578616296659
19,2015,-17.5315248600359,3.09520088097052,2.25359702312262,0.280795812345119,1.96666944378771,0.0817269938827678
19,2016,47.3864643128738,3.09648184200082,2.2497952817335,0.351398345813223,1.95825692996216,0.0472699500883597
19,2017,-135.482106730547,3.09808584897337,2.26146074720776,0.30900963973184,1.96334326771324,0.0639115187314185
19,2018,-312.483599569641,3.09860781096096,2.26741285542521,0.236159083820116,1.97476862963213,0.0988781369601854
19,2019,0,3.09962318620305,2.26539298360089,0.266007323767833,1.9779252781272,0.0823063875478501
19,2020,0,3.0916769148812,2.247897909811,0.203824522315415,1.99880970621322,0.0559122278574226
19,2021,0,3.0998667746314,2.27092703295009,0.235898181279565,1.98103636505647,0.111544770878592
19,2022,0,3.10427332581835,2.30655570659196,0.288744467593455,1.98103636505647,0.111544770878592
19,2023,0,3.1051869483717,2.28646656693498,0.372401287600926,1.98103636505647,0.111544770878592
19,2024,0,3.10585201192774,2.27925995732295,0.372401287600926,1.98103636505647,0.111544770878592
20,1994,30.0489615821562,3.09166755042386,1.95323055660198,0.955234760150291,1.4023094673217,0.0182800032740358
20,1995,82.9912702842668,3.09380713831893,1.96317737823903,0.955234760150291,1.45221607015276,0.0169899508240487
20,1996,56.8189739445049,3.09639030725523,1.9923736135955,0.955234760150291,1.44042693341193,0.0191106749980471
20,1997,-8.92759461628246,3.09705621348035,2.01367114542922,0.955373778991256,1.46359323904057,0.0176689225502681
20,1998,26.3961939789563,3.09565727209878,2.00307475814649,0.955512760336604,1.46359323904057,0.0149899427991259
20,1999,64.1228367000581,3.09519021538528,1.99048701224722,0.943649730196016,1.45221607015276,0.0124880155496677
20,2000,56.0566920093688,3.09750031702489,2.01072194803214,0.931510835096472,1.45221607015276,0.0139777357860434
20,2001,41.4668092898452,3.09763047747174,2.0106847821161,0.901159176614011,1.42819925428433,0.0129915357657532
20,2002,39.7560761475754,3.09745870199952,2.02227934133549,0.869027289098863,1.45221607015276,0.0132268908212535
20,2003,25.9749076031305,3.09863842423548,2.03315932797783,0.876212552578215,1.50544159689903,0.0142563958907223
20,2004,52.0084209370483,3.10055341513711,2.05957480776825,0.914402160859405,1.51508818394552,0.0134374203008175
20,2005,21.6052991791833,3.10215035656865,2.08506615872618,0.903471750835739,1.48520724747297,0.0169443895047538
20,2006,115.345596967081,3.10331576783195,2.11753934501506,0.956709003420655,1.52444321618213,0.0193051208759205
20,2007,-25.8742571917662,3.10453220430937,2.13847205429527,0.943930919372167,1.51508818394552,0.0226704202589782
20,2008,-38.5567105706867,3.10338556726,2.1475459657289,0.939355185142154,1.52444321618213,0.0239678922267905
20,2009,22.9069633686145,3.09813014969014,2.06712145435789,0.930391233801739,1.53352180817111,0.0194465146343751
20,2010,-36.8674190634524,3.10172544134333,2.10516247756526,0.94386060586546,1.55090483304317,0.0200941770736694
20,2011,-7.93201447471139,3.10191305521603,2.11894478571704,0.937304823681796,1.55923447689861,0.0216735761227355
20,2012,-27.552544237941,3.10328081861128,2.12109651565597,0.95664534038547,1.55090483304317,0.0200874685291587
20,2013,-19.3837194631492,3.10518755127213,2.14652625689229,0.989239220393274,1.57522678743277,0.0232085189594005
20,2014,-2.59730822240534,3.1055707482897,2.16859767233817,1.04625286939367,1.61855024836491,0.0280635149799452
20,2015,7.82546834320929,3.10704926506834,2.15610615082812,1.00727289211144,1.65615849738557,0.028960613644236
20,2016,10.7267439027461,3.10776521264359,2.1274969312628,0.969376342123596,1.66764603037586,0.0251715479557398
20,2017,-19.7862298496401,3.10931946125346,2.14951769044362,1.02299085393183,1.69441561661104,0.0384269469456019
20,2018,-212.202733252897,3.11000358954782,2.16357812535813,1.01042310470867,1.71406673635757,0.0367388661872034
20,2019,0,3.10976985958958,2.15474095021115,1.01134525329355,1.73674053195658,0.0929601910244098
20,2020,0,3.10623392676085,2.1276840445451,1.00235512793984,1.76548650130625,0.0966949903636295
20,2021,0,3.10901879710162,2.16437238964945,1.0267646304639,1.77688072259414,0.0472692333380353
20,2022,0,3.11024907135012,2.21786401637452,1.0328246260694,1.77688072259414,0.0472692333380353
20,2023,0,3.11198457701235,2.21005889633045,1.02510623796158,1.77688072259414,0.0472692333380353
20,2024,0,3.11246416393135,2.21598861331477,1.02510623796158,1.77688072259414,0.0472692333380353
22,1994,0,2.90829839390002,2.31776028075611,0.132881502137608,2.10348424630921,1.26236904455643
22,1995,0,2.90881681840792,2.31776028075611,0.132881502137608,2.1354996190253,1.26236904455643
22,1996,1,2.91250808407668,2.35489381048339,0.132881502137608,2.1326010584538,1.28059895680512
22,1997,0,2.9230412456639,2.35153459278701,0.183023702666757,2.13906174557631,1.19218143847492
22,1998,13,2.93082524471846,2.35588007150896,0.232263194021031,2.15592936869893,1.14256340019775
22,1999,6.68153104781061,2.93464146224986,2.33219805020443,0.190379394532163,2.16164856071471,1.33253160701766
22,2000,8.80704845927979,2.9416561301921,2.3355842880351,0.147817391164764,2.15849289863261,1.29113830278974
22,2001,-2.78483736489874,2.9495742970849,2.34572359739422,0.225670283658301,2.15592936869893,1.18317086320449
22,2002,3.17640555326394,2.95846194600728,2.34091749994492,0.300887390686368,2.14936261819127,1.09110851163698
22,2003,-2.07390338946085,2.96779628783025,2.34659242318264,0.528288883523235,2.14869312802309,1.09297111809878
22,2004,48.1039114976097,2.977448664799,2.36411720300593,0.495195999580415,2.16039270094494,1.04346810875299
22,2005,3.5,2.98963478735983,2.37749084713648,0.51612442588893,2.16164856071471,0.94446823265383
22,2006,2.70208211789279,3.00258153918933,2.37955103267981,0.554414888674199,2.14667024539937,0.883613426785142
22,2007,-11.32,3.01314971618641,2.37095530117712,0.624229327566677,2.14046807346474,0.782260470730864
22,2008,8.54366151288683,3.01079749259539,2.36127928670345,0.664801883716683,2.14462540722788,0.61999381606793
22,2009,9.30204278639913,2.99511830540825,2.34712779245578,0.672844991326234,2.17434604274772,0.733953297711421
22,2010,3.79581244141429,2.9934714033841,2.3882765730665,0.652679846730105,2.14046807346474,0.92871536269192
22,2011,-0.773478809328093,2.99827066351029,2.4164976924383,0.640552306612273,2.15657355623141,0.949186586446073
22,2012,0.142584601159904,3.00648653870593,2.42116927234883,0.666467303214765,2.18567614029781,0.987542303653567
22,2013,4.69337968792953,3.00958597200789,2.41641910061229,0.654992081276261,2.18122777388084,0.866955787884047
22,2014,2.53448587190504,3.01254796782857,2.41691675413847,0.722556657312397,2.18457415496217,0.860767406790895
22,2015,3.63661930919364,3.01698401938546,2.41184854396008,0.657928544689466,2.17258462201259,0.796763879401296
22,2016,-7.45696171553172,3.02033176179188,2.40749483088644,0.755463734496012,2.17492946149582,0.786170542002556
22,2017,3.26221279694681,3.02443947954042,2.41509817218297,0.740059812200151,2.1973770655481,0.895856664061323
22,2018,-31.0161248385416,3.02927350672469,2.41443567593167,0.752840613119809,2.18894271157277,0.832765194420578
22,2019,0,3.03059276080504,2.41030898522219,0.783763273944652,2.19162079120939,0.88783711531098
22,2020,0,3.027862731592,2.40829320843398,0.752248934750823,2.20345442381795,0.925131870141497
22,2021,0,3.03513577410456,2.42583896098929,0.767592669406635,2.20444768102151,0.876734722715805
22,2022,0,3.03720723491134,2.45284557644408,0.751622119739265,2.20444768102151,0.876734722715805
22,2023,0,3.03608093470335,2.42435215541771,0.815749222262648,2.20444768102151,0.876734722715805
22,2024,0,3.03693518163659,2.4199084663793,0.815749222262648,2.20444768102151,0.876734722715805
23,1994,0,2.91041416712505,2.33770805390414,0.423194468909382,1.8115054024445,0.991789219627098
23,1995,2,2.91475559130338,2.33770805390414,0.423194468909382,1.82715071857448,0.991789219627098
23,1996,0.707106781186547,2.92086185183736,2.35540503903538,0.423194468909382,1.861016974424,0.973988272397635
23,1997,15.0111069989303,2.93018057502427,2.36867867390584,0.465217853482569,1.86363322807167,0.8048786549301
23,1998,2.04264871994757,2.93858007978085,2.34826156666391,0.505659015020312,1.895222940053,0.615319077668488
23,1999,8.06380803342937,2.9381644289651,2.31344352725908,0.368030457495799,1.93852993222025,0.70101141216805
23,2000,8.59593566111973,2.94244898808422,2.33461698924416,0.21504130396622,1.97635272520482,0.798985623678633
23,2001,2.20482917168215,2.94989606998212,2.35676315698322,0.298994511887509,1.98257519636465,0.768154655949277
23,2002,5.48806084889628,2.95749552599978,2.36994499082965,0.378945481389516,1.98712656721595,0.685066564151929
23,2003,2.62950294053567,2.96866930405384,2.36574998416283,0.452388306162465,1.99010793010843,0.635031971269039
23,2004,9.05555555555556,2.97624659920452,2.37670541906957,0.512195592669945,1.99010793010843,0.582030170352531
23,2005,4.71268984606622,2.985434598728,2.39872983564124,0.524712391832576,1.98103636505647,0.534500104806525
23,2006,4.36025736988555,2.99419539618146,2.40934196370592,0.617956960218419,1.98103636505647,0.503923788748094
23,2007,4.24230250683999,3.00581083229333,2.39694941800066,0.603727862854337,1.97476862963213,0.448204992628767
23,2008,0.210948766180389,3.00935456394019,2.41238197287688,0.602419873654603,1.99304823091274,0.414413911192682
23,2009,10.3684277727401,2.9945320186447,2.37840890177336,0.628458189206018,2.01782079972786,0.382436367512321
23,2010,2.8801440108009,2.99704881309057,2.41905753926148,0.664159214540422,2.03524529974926,0.484125226389566
23,2011,-1.12256364188164,3.005372574083,2.44146712702243,0.658807935501042,2.04909131895338,0.505996259422122
23,2012,-0.0877808603970979,3.01087543178377,2.44932722930712,0.706878272050946,2.06205606444002,0.467034632697984
23,2013,-1.61138652209988,3.01568307386226,2.44931378132489,0.697878416785147,2.08571837216538,0.424492440548429
23,2014,3.12156117097585,3.02009035540586,2.43394241219309,0.760883925268489,2.09832127811313,0.411253079008723
23,2015,0.68881389351635,3.02367416522323,2.42762235106563,0.783290395140403,2.10933988701033,0.342049696185849
23,2016,-2.5010498603341,3.02735801066017,2.423113289767,0.79322677792346,2.12891474635504,0.325848779303475
23,2017,4.09888638110614,3.03287359737929,2.43590704327198,0.774203550295175,2.14530948662224,0.387676923276896
23,2018,-35.9026461420325,3.038270484283,2.43861940862963,0.752794081807699,2.14462540722788,0.361947449876586
23,2019,0,3.04290610917774,2.43999332476101,0.787481237244745,2.14324976533627,0.322629358874251
23,2020,0,3.04297122890482,2.42455094032594,0.767019730484137,2.13039782607881,0.301401303402473
23,2021,0,3.0489070347294,2.44730829421458,0.833329913260203,2.14116734054458,0.278736296869116
23,2022,0,3.05049622219081,2.4687776064839,0.826157745219561,2.14116734054458,0.278736296869116
23,2023,0,3.0494952435123,2.44076890367923,0.92199649682656,2.14116734054458,0.278736296869116
23,2024,0,3.05153104702029,2.43364852580886,0.92199649682656,2.14116734054458,0.278736296869116
24,1994,3.47850542618522,3.17285476985944,2.47816726608259,1.08203053241405,1.32749863722543,0.0200222481695067
24,1995,5.89188303637179,3.17286923504786,2.48149861392587,1.08203053241405,1.48520724747297,0.0182949704668011
24,1996,-0.288675134594813,3.1728920200413,2.48673905702918,1.08203053241405,1.3742797555965,0.0189294980228557
24,1997,6.34000411466058,3.17625163963168,2.49999235418752,1.09020107613801,1.52444321618213,0.0160975527670257
24,1998,1.80199639601081,3.18059029417108,2.51765135195171,1.09822530819508,1.68402236463627,0.0174149787167605
24,1999,0.679900103650085,3.18597571565073,2.5199038967399,1.10579569679688,1.63798302229731,0.0174414587922591
24,2000,2.16365799728227,3.19039309429235,2.54001020329629,1.11323841648806,1.68926900441457,0.019006333969386
24,2001,-2.40098019199512,3.19190194539451,2.53905931736381,1.12107277370737,1.41550401537368,0.0187853562770422
24,2002,3.84900179459751,3.19364546862632,2.52689888631519,1.12876848998902,0.935773481689307,0.0172509667956049
24,2003,-3.12358075880179,3.19476733357149,2.5232326520731,1.11657749352002,0.935773481689307,0.0150653121665984
24,2004,-0.190692517849118,3.1969930558251,2.53581125714283,1.12164460874116,0.975656706920104,0.00965690111558792
24,2005,3.75277674973257,3.19774584027967,2.54656173376344,1.11423492275584,1.13681806866811,0.00984226774711636
24,2006,-0.164957219768465,3.20120473919793,2.55801312430097,1.07484577284106,1.18779982795243,0.0208954420686625
24,2007,4.31836495239448,3.20626700314463,2.55881894996098,1.09351812343047,1.44042693341193,0.0329502471815471
24,2008,3.49110544940757,3.20457665595973,2.55095005392269,1.10574353617321,1.48520724747297,0.174279959971097
24,2009,0.0637576713063338,3.20040009089975,2.53480206797214,1.11448695195974,1.45221607015276,0.16486809038897
24,2010,-8.90798668166089,3.20191708370632,2.55172176969007,1.12139825613379,1.45221607015276,0.0727909774659615
24,2011,4.73700879632375,3.20095499534801,2.55943276243924,1.11558299054399,1.46359323904057,0.111168125712229
24,2012,0.560448538317805,3.20033268398878,2.5609544625867,1.10642511025179,1.50544159689903,0.123681915343181
24,2013,7.51930031988439,3.20099260016423,2.56519372291906,1.11101398905502,1.62517704596646,0.0653874917305426
24,2014,-6.77293044941308,3.20118145857374,2.57120674818837,1.13735419273217,1.68926900441457,0.0510803155729979
24,2015,8.32826512546281,3.20108752512781,2.57903958586201,1.11971947532705,1.78778236814407,0.0121641269394706
24,2016,-2.70874538989946,3.20328263208146,2.57787702987091,1.08504002855889,1.90846335929239,0.0100659739330638
24,2017,0.0691714463866075,3.20237169961754,2.58017807639393,1.07867004234442,1.94408710969643,0.00960927549364165
24,2018,-14.4913767461894,3.20210340060883,2.58357081834188,1.09947524012613,1.95653485476009,0.0131606524529069
24,2019,0,3.2027118361883,2.59192613376744,1.0940109702406,1.96334326771324,0.00887333473573263
24,2020,0,3.20094263670293,2.58914149286652,1.08991076653944,2.02671598101517,0.00666349903912763
24,2021,0,3.20514729812218,2.59757828577842,1.09343198783332,2.02295022405466,0.00475133182085706
24,2022,0,3.20261764158939,2.6029311419777,1.09963891197627,2.02295022405466,0.00475133182085706
24,2023,0,3.20105731282423,2.59944998510584,1.09486975383,2.02295022405466,0.00475133182085706
24,2024,0,3.20006702144836,2.57909796750913,1.09486975383,2.02295022405466,0.00475133182085706
25,1994,12.4515728591478,2.97358391087436,2.11064140391651,-0.631534558879347,1.87131194364302,1.20563355913015
25,1995,14.1004797582127,2.96552396579561,2.20278501916248,-0.631534558879347,1.90413451187139,1.452935500333
25,1996,13.4352884875683,2.96993194878344,2.22219776384159,-0.631534558879347,1.8997220353528,1.49697430097445
25,1997,14.7306727085562,2.97531029658727,2.21638249937658,-0.563554610972893,1.8906340796652,1.38584826777934
25,1998,10.0132823182416,2.9797409435533,2.22337780356404,-0.489929336139399,1.87874701527944,1.09302935668346
25,1999,18.4824019544022,2.9808742472549,2.22329033031157,-0.447548813898043,1.89293993354825,1.2485831858259
25,2000,7.2757388161847,2.9842742541071,2.23155255310421,-0.403496589783494,1.87874701527944,1.43779754048299
25,2001,9.0845190386648,2.98232015637377,2.2080762378112,-0.370223585649708,1.85569596402192,1.29284953900599
25,2002,5.81953564074417,2.98062589198331,2.21034163468221,-0.336110084108499,1.83897926169613,1.31879789925178
25,2003,-21.3858100340716,2.98040340535394,2.22633063852764,-0.36151499951497,1.82410097596911,1.41020228780092
25,2004,51.5461431269069,2.98256656245717,2.24038470579025,-0.389312089941958,1.82410097596911,1.50495038101868
25,2005,-8.60347361147965,2.98331684680774,2.24248271397996,-0.365971285703138,1.82715071857448,1.61764284579076
25,2006,32.4784517332588,2.98668367010597,2.2499865715474,-0.441990556822402,1.8115054024445,1.65268451764133
25,2007,-10.1339177964443,2.98733637253333,2.25293192384288,-0.498388055179378,1.80161529759565,1.62887678087925
25,2008,16.6196532393504,2.9868119278935,2.2570455052176,-0.606073431454423,1.8115054024445,1.68617703027755
25,2009,0.424688970239263,2.97876479091112,2.25040549664053,-0.513816705784786,1.79131332634093,1.50274975290979
25,2010,-10.7407052377385,2.98222024652465,2.26740732716812,-0.505459676224701,1.79822858334139,1.5714505449011
25,2011,5.39372553824975,2.98421068252476,2.27711381765135,-0.50379823347349,1.78778236814407,1.70573767067647
25,2012,13.1213990319984,2.98636198029302,2.28382214360258,-0.492323622834543,1.78420083850397,1.68123295386545
25,2013,-1.86045338689209,2.98590998805858,2.2788334916501,-0.503432576485179,1.79131332634093,1.621214759257
25,2014,26.9527301850764,2.98718131188826,2.28332074560171,-0.386539936290869,1.8115054024445,1.55456184254484
25,2015,0.933901629734186,2.9887865489152,2.30210481085167,-0.427272115792197,1.79131332634093,1.20737460306151
25,2016,-4.53976469293749,2.98957756631618,2.31632205208185,-0.526730539373065,1.79131332634093,1.15673412304342
25,2017,1.8729003708315,2.99049967093593,2.31954681630951,-0.530396132865067,1.82101248893922,1.24607740705596
25,2018,-84.7584804016684,2.99150818112616,2.32759616570263,-0.572122843710619,1.82715071857448,1.34236873483883
25,2019,0,2.99016137704615,2.32083198259549,-0.584072015897312,1.82715071857448,1.18569871316598
25,2020,0,2.98054219996056,2.31929971545453,-0.572814825731766,1.88117362914884,1.03346064730513
25,2021,0,2.98579972644034,2.33433489615517,-0.684243765543009,1.89748350790092,1.44555707298319
25,2022,0,2.98870642350637,2.34705616108051,-0.721673061230538,1.89748350790092,1.44555707298319
25,2023,0,2.99114075894841,2.31078003473612,-0.683240529563527,1.89748350790092,1.44555707298319
25,2024,0,2.99169857925949,2.31345448575797,-0.683240529563527,1.89748350790092,1.44555707298319
26,1994,31.3760745780194,3.10203072910343,2.37487958495645,1.07748314332628,0.892623316306342,0.297273337031837
26,1995,49.2189025468629,3.10433832461667,2.38336277074548,1.07748314332628,0.892623316306342,0.417398429785512
26,1996,37.1709739184206,3.10693306143665,2.38462516604424,1.07748314332628,0.935773481689307,0.452662872795894
26,1997,26.7891844913202,3.11018351747339,2.39381238500877,1.08475180082923,1.01261630560952,0.458963983951496
26,1998,1.86489731724124,3.11367225273379,2.3907940098213,1.09190504536021,1.04695774510357,0.0648346214072423
26,1999,0.486331623934716,3.11743915166386,2.39386419447466,1.09220558269529,1.04695774510357,0.0713579848307245
26,2000,4.03674273419444,3.12045535617885,2.41084177001821,1.0925059181999,1.07895118288016,0.371608262193308
26,2001,16.2680769055579,3.12181311175736,2.40180631273204,1.08688301802342,1.10883475490253,0.665592117097797
26,2002,4.01262229733366,3.1214674467069,2.39134537537768,1.08118889868957,1.13681806866811,0.505825339619791
26,2003,-28.5596031477923,3.12113819511132,2.38900087404583,1.08186908019912,1.13681806866811,0.445889485021352
26,2004,-35.2967868829924,3.12258877195299,2.39797394061053,1.09054964832565,1.21110408138671,0.419317169434559
26,2005,34.4696145434335,3.12415235358438,2.40593029860731,1.09492585710471,1.31044006955078,0.332818127542129
26,2006,101.997861523948,3.12705856108258,2.41299206419307,1.10000340325613,1.3742797555965,0.583153906903136
26,2007,0,3.13019946760302,2.4165843052966,1.10004146664668,1.45221607015276,0.536668914948482
26,2008,-38.7111517695403,3.13168637859158,2.41706610773979,1.09403216609741,1.47458282525919,0.817316288615
26,2009,-11.465945112824,3.12797820320471,2.39509739688374,1.11085893869463,1.52444321618213,0.628923517941298
26,2010,-9.4558689923933,3.12867556885126,2.41697044122122,1.11221239134845,1.47458282525919,0.655345960330975
26,2011,-1.33155221563104,3.12980339135329,2.43206867119168,1.11245362716705,1.55090483304317,0.805804940751214
26,2012,3.27873303547561,3.12862194119249,2.44117582894976,1.12380145434159,1.5673382656245,0.8612312891385
26,2013,-0.0187177652022977,3.12833783714192,2.44262455151812,1.11608596390539,1.57522678743277,0.855446629904556
26,2014,-9.22866660689494,3.12942110667971,2.44383829634458,1.15626380597294,1.61855024836491,0.606476977671688
26,2015,-0.470023858804456,3.13086538519655,2.45330749740664,1.13868097547172,1.63165262712111,0.417098718210037
26,2016,-0.539812695184079,3.13248865229015,2.44298340305603,1.12183290185855,1.61855024836491,0.246146186746594
26,2017,-3.29669482737105,3.13436059406499,2.45258174592477,1.09661750978128,1.66764603037586,0.276364399946787
26,2018,-99.9549898704412,3.13579298301629,2.45671109885742,1.09248636561342,1.71876062531267,0.341366079616437
26,2019,0,3.13719672372199,2.45368069405623,1.0895604915548,1.76934177652865,0.214912337107002
26,2020,0,3.13328984092929,2.44442482988254,1.08090337178834,1.83897926169613,0.0835492230067976
26,2021,0,3.13811815085463,2.45628982248897,1.0785268182589,1.87874701527944,0.328344717438375
26,2022,0,3.14151670388604,2.4766537309203,1.06539128184851,1.87874701527944,0.328344717438375
26,2023,0,3.14014399345893,2.45823394508279,1.060828770179,1.87874701527944,0.328344717438375
26,2024,0,3.14051228252026,2.44622129838721,1.060828770179,1.87874701527944,0.328344717438375
27,1994,19.4000505976192,3.08422074314172,2.26581360211054,1.12539374592904,2.10263317049111,1.07249512599195
27,1995,25.5458066087982,3.08709349207981,2.25905004085533,1.12539374592904,2.10685187200601,1.04113816151252
27,1996,12.9819842433126,3.08888207474771,2.25239563926415,1.12539374592904,2.09744738054654,1.06007864596934
27,1997,3.66676876440392,3.08955971694799,2.25288805665176,1.12429401261576,2.08196463851409,1.08574713046287
27,1998,3.71583365588835,3.08953015488674,2.26257761849499,1.12319148250746,2.09480207636723,0.981190368626914
27,1999,-2.20457064570108,3.09380286938451,2.27460978479343,1.11541974059892,2.08664579137454,1.0258824631253
27,2000,1.16725958433484,3.09582928434268,2.29668315501098,1.10750736059411,2.08664579137454,1.24488119516961
27,2001,-9.11093308622242,3.09832254994327,2.2929114477491,1.10688907676042,2.06925145316803,1.1866570959061
27,2002,0,3.10090286374022,2.27871811307392,1.10626992459891,2.08848767730203,1.09174597793661
27,2003,16.4225410641111,3.10327719386247,2.26264429367456,1.12258429118023,2.08196463851409,0.917434330894087
27,2004,-3.46738046264428,3.10553351111535,2.26576118659134,1.12272465452383,2.10263317049111,0.845702613872888
27,2005,-9.00531757801195,3.10747134870305,2.26301352662263,1.12204314245456,2.09031253819527,0.908569895703249
27,2006,-0.429338790741092,3.10882957283028,2.26854406667533,1.10732669750605,2.0921206616936,0.932729796881031
27,2007,-18.0296396796149,3.11068016548622,2.26444920836884,1.11651730552807,2.0921206616936,0.965374448984647
27,2008,-2.37247021399345,3.10901430501464,2.28383222698509,1.12323638759852,2.08385039348349,1.24632651673304
27,2009,-2.82511422039998,3.10808960587479,2.25201102912593,1.14291846759309,2.10517533618313,1.09342279198442
27,2010,-3.83921770153601,3.10838958820952,2.26331831983771,1.12636479984456,2.11260839785347,1.19314635729923
27,2011,-1.73925271309261,3.10955647557739,2.26705786104887,1.13536522500873,2.11976667016162,1.20980536563826
27,2012,1.23614009240148,3.11114992439618,2.25903012681079,1.1322442698549,2.10768475400264,1.07382579704053
27,2013,7.75049632513039,3.11273881542701,2.25564727822128,1.12864854191911,2.10348424630921,1.01995914616378
27,2014,-1.99918417292139,3.11459618169868,2.25232953707193,1.1641143511408,2.10933988701033,0.986715934700709
27,2015,1.38235294117647,3.11600233933566,2.25139346872063,1.15416493148268,2.11179642205891,0.929203003649426
27,2016,-2.6524976858425,3.11729654577876,2.24185680150604,1.14049645137208,2.11819873145971,0.819654417866081
27,2017,-2.22011100832569,3.11838672757922,2.24868536683289,1.13259071775089,2.10433162504009,1.0448128359272
27,2018,-32.2024843762092,3.11981633333325,2.25483207933176,1.11849637681272,2.10851408305497,1.04300998673562
27,2019,0,3.12059074631335,2.24988010291951,1.12130799342045,2.10091980786181,1.01378145226488
27,2020,0,3.1185263289079,2.20433493592589,1.11979246183249,2.10685187200601,0.924234449009007
27,2021,0,3.12222281954013,2.22563206710663,1.10335787103589,2.10851408305497,1.01051603794112
27,2022,0,3.1252907520389,2.24609440557746,1.08824088298486,2.10851408305497,1.01051603794112
27,2023,0,3.12448671394947,2.23364923006094,1.08071161155365,2.10851408305497,1.01051603794112
27,2024,0,3.12414592172184,2.23705295263201,1.08071161155365,2.10851408305497,1.01051603794112
28,1994,17.3848370179169,3.14878059134085,2.29409870062167,1.14308949720135,2.27125868860599,1.60572314233305
28,1995,24.5,3.15181873792397,2.29310595069423,1.14308949720135,2.26990122160193,1.61953729223439
28,1996,7.3408966785362,3.15556789004772,2.30150918372629,1.14308949720135,2.26259178017275,1.7471072267631
28,1997,4.92468067101327,3.1594800213251,2.30693101388846,1.14661401476846,2.26576274954292,1.68316514304552
28,1998,6.44634632871892,3.16120584139035,2.3054736242864,1.15010950527603,2.26818903785843,1.16428823813237
28,1999,0.154764646506827,3.16236087136724,2.29953548741215,1.13419520281962,2.26784452886334,1.60332643097367
28,2000,2.34259262897218,3.16456897182661,2.3127269587495,1.11766847624295,2.27058130773857,1.8809963796524
28,2001,2.575,3.16586657983428,2.30965352310997,1.12019294729421,2.26853285265668,1.81371025586828
28,2002,-8.69935641952418,3.16656428523958,2.29375124796304,1.12270286029077,2.26818903785843,1.77714180423918
28,2003,-4.71896187635334,3.16686207062982,2.29017464830882,1.13166716234565,2.25643738683648,1.77232851893838
28,2004,5.75688797704001,3.16967214905455,2.29713313911008,1.15328554897398,2.25899829305865,1.80157092599397
28,2005,1.13554994791534,3.17132221198893,2.30226361842805,1.14018691348015,2.26506314947895,1.83291330475257
28,2006,1.51797737768023,3.17268327416748,2.30557626700259,1.15427738764774,2.25936104438417,1.84452829796484
28,2007,6.1616488732386,3.1742190266149,2.30635161331091,1.14441630110622,2.26080443926369,1.80367978818441
28,2008,-0.896591051594414,3.17357951431474,2.31396943703914,1.15219555191147,2.26471227348223,1.8887182785085
28,2009,5.02245856488776,3.1708847749535,2.29359528926207,1.1295765131072,2.25827048632227,1.76020065119932
28,2010,0.254305522493537,3.17049786730464,2.29587490205522,1.13406593163032,2.25569864909015,1.73065884671745
28,2011,-2.90442880701272,3.17033222908147,2.29979815319805,1.12700023147061,2.25569864909015,1.81890201697432
28,2012,-3.98523756519295,3.17147858803421,2.2966297415374,1.15042635582332,2.25899829305865,1.79623291238875
28,2013,12.3174141361176,3.17131271112446,2.29509405703304,1.15562548295968,2.25790542485442,1.75227465927739
28,2014,6.51215579335469,3.17206592635104,2.29847682825448,1.16923199275756,2.25495673198062,1.72416900903362
28,2015,1.84598394092116,3.17277301215296,2.30215792276313,1.15673497872694,2.25753958725309,1.58760420460819
28,2016,-9.36199442441387,3.17300465436306,2.29841777184336,1.16167178175669,2.26187907712957,1.47100803141454
28,2017,10.5713171957305,3.17436338640192,2.29839458441046,1.15813799441749,2.26611147905205,1.60027333579655
28,2018,-49.749371855331,3.17450149824635,2.30094795590529,1.14275877372378,2.26611147905205,1.7184637317617
28,2019,0,3.17487077854029,2.3034576700244,1.14774423811155,2.26921841003493,1.66017038970942
28,2020,0,3.17330466939709,2.28722733380045,1.14484988483023,2.27294043558224,1.50360273747767
28,2021,0,3.1760586918247,2.30436734555124,1.13895830961687,2.2746057045467,1.81939951394207
28,2022,0,3.17797090126954,2.33326896293071,1.09737354052655,2.2746057045467,1.81939951394207
28,2023,0,3.17708346144069,2.3279599123666,1.11854732922364,2.2746057045467,1.81939951394207
28,2024,0,3.17802037605209,2.3303447881499,1.11854732922364,2.2746057045467,1.81939951394207
29,1994,15,2.92191229333793,2.2022312572106,0.658460741792404,1.65615849738557,0.775837343092043
29,1995,28.5,2.92992642785335,2.2022312572106,0.658460741792404,1.66196207780898,0.856153428772599
29,1996,11.4017542509914,2.93612607475583,2.21113974082296,0.658460741792404,1.63798302229731,0.701956672450158
29,1997,25.3651032234931,2.94256133068033,2.23352290627302,0.668521248640086,1.64417392599576,0.694295301436713
29,1998,3.82756113148394,2.94726422582274,2.25770817276684,0.678447587304868,1.67321468811912,0.441874590245709
29,1999,8.80459160514179,2.95206834884794,2.24773726561297,0.624388867117994,1.66764603037586,0.39060965304095
29,2000,33.4151187055017,2.95788085927295,2.27196947555991,0.566405281014614,1.69441561661104,0.547667702704465
29,2001,12.0082100428721,2.95917866956476,2.26251541781867,0.579765884156084,1.71406673635757,0.670169329729838
29,2002,9.15917799648635,2.9611728294684,2.2725946793386,0.592922081123463,1.72337246438745,0.515953909552095
29,2003,2.24833235585856,2.96481082430239,2.29869541886836,0.472606702703698,1.71406673635757,0.540750334956981
29,2004,44.7365456858316,2.96996558054862,2.30369679485911,0.394796993836208,1.71406673635757,0.992379120450973
29,2005,52.2752363003982,2.97328895510144,2.30181902699192,0.439969639625204,1.7092881401355,0.878441909478933
29,2006,-16.2609185697185,2.97947244135359,2.32143054392127,0.365771945492945,1.7092881401355,1.04728174242214
29,2007,11.8667950867767,2.98613719257678,2.32887431759152,0.388591603765562,1.71406673635757,0.961073325096783
29,2008,18.5843759310245,2.99043501290518,2.32846582415383,0.504367791956627,1.74528604941362,1.17507217774879
29,2009,16.6358054448776,2.99295259505949,2.31444870058842,0.575449503863048,1.77688072259414,0.866779692133877
29,2010,-4.54201376456945,2.99635311379531,2.33237424176756,0.621893367350453,1.80161529759565,1.51795021261773
29,2011,-10.9661262330527,3.00139294349301,2.34300321498125,0.67601005845552,1.83016258818987,1.62610326227789
29,2012,-8.3870380431744,3.00288039883921,2.34712321306447,0.690393313038838,1.8446824510512,1.46346716209673
29,2013,4.19801795790155,3.00361530161611,2.35047534600721,0.703714013291025,1.85837142018353,1.40676198552607
29,2014,-9.28839314273108,3.00748795219446,2.35381758099305,0.722965785393924,1.86363322807167,1.38260037917246
29,2015,11.3136023290696,3.01181955892541,2.35426993428131,0.681484837281265,1.87131194364302,0.932022141583257
29,2016,14.2333364431764,3.01478875892281,2.36340751480025,0.537294679675991,1.85569596402192,1.16971660509654
29,2017,-2.77585991871845,3.01968204927208,2.37037604593589,0.381541535174671,1.85025285026831,1.36860666643249
29,2018,-108.839331126206,3.02556610535149,2.3737954817513,0.360660658851395,1.94039783103569,1.31272951633509
29,2019,0,3.02991712030304,2.37223507738309,0.373169816529267,1.94950819128584,0.59374103743352
29,2020,0,3.029082857157,2.3679499631921,0.484106183608787,1.95825692996216,0.49255023315137
29,2021,0,3.03689921780673,2.38829615932977,0.402697299464947,1.94225014492888,0.810797002258188
29,2022,0,3.04220398258324,2.40704635755242,0.404876811387871,1.94225014492888,0.810797002258188
29,2023,0,3.042789511671,2.38689538696914,0.430579250716952,1.94225014492888,0.810797002258188
29,2024,0,3.04595736687242,2.3699952537376,0.430579250716952,1.94225014492888,0.810797002258188
30,1994,10.4126619752955,3.02987670980662,2.26000254288236,0.930061021120939,2.0732501465458,0.268459582741674
30,1995,15.4605182419411,3.03357946868628,2.26960955934192,0.930061021120939,2.05995211406511,0.276283050806445
30,1996,7.40249384782555,3.03652261664986,2.27061457939413,0.930061021120939,2.0771703990973,0.174986029798006
30,1997,12.2783907131461,3.04021333324205,2.2775787357081,0.920834240679167,2.06925145316803,0.151017601203274
30,1998,4.36785348634133,3.04420449903329,2.28247656863691,0.911445700942103,2.04571663798269,0.107633634430173
30,1999,6.08633158835352,3.04730467476735,2.2808343862765,0.902158024027493,2.0030303803298,0.105105343954294
30,2000,16.800304194964,3.050183425511,2.29356177682043,0.892709949369731,2.01782079972786,0.148016330174839
30,2001,18.8915100228488,3.05133533087799,2.28641952986086,0.916289362453369,2.02671598101517,0.11429355807409
30,2002,11.801528339154,3.05154322961966,2.27758950805298,0.938879345204193,1.99304823091274,0.116302982284154
30,2003,6.43455227040811,3.05030606897821,2.27373829649369,0.92583582307304,2.04228527101219,0.113308549758899
30,2004,22.5130014788515,3.05175411148531,2.2804834660525,0.907269239111379,2.01520802696146,0.149744044157609
30,2005,15.8001529784762,3.05231365687732,2.27964881591029,0.903436057786532,1.99010793010843,0.162949765975677
30,2006,0.406349941447134,3.0536626224173,2.29677069520476,0.781698639479726,2.04457923343498,0.275741297302218
30,2007,-7.42562967514986,3.05580663630416,2.30078617577422,0.796606459113865,2.05350563860492,0.269902912979468
30,2008,-2.13251155381691,3.05597062978786,2.3067178692542,0.800894206888209,2.05459439556809,0.236025556309803
30,2009,-1.07526798894505,3.05289654762026,2.27491263725167,0.825189632587613,2.07225793911295,0.10967265764842
30,2010,7.55588955955753,3.05447540875144,2.29425992854148,0.80848684730973,2.0991912941464,0.215839585804535
30,2011,-12.7085325780095,3.0529865340807,2.30924789907596,0.793041901919604,2.09391232843736,0.240207289740419
30,2012,29.5435448711433,3.04946594132771,2.31696809057685,0.813823507415139,2.0781385355525,0.254233774748807
30,2013,4.79474963477243,3.04904965137092,2.32225325746316,0.815125804068641,2.11898429591004,0.193753911398607
30,2014,11.5003257272804,3.05025770842131,2.32761545188165,0.855238857358477,2.12132194310043,0.201952037520262
30,2015,-5.67748400539591,3.05213748816514,2.32860949537682,0.846747116825868,2.09391232843736,0.15837538835079
30,2016,-3.90340830886464,3.05430395920858,2.32592485074939,0.817527140280625,2.10933988701033,0.157081110685434
30,2017,-0.118179864811766,3.05759669051538,2.33830256356721,0.847760458588002,2.06722177936113,0.189339560531641
30,2018,-84.5576726264388,3.06046626058148,2.3425910949128,0.849702775166393,2.09656956941186,0.236200215267633
30,2019,0,3.06297424401887,2.34266854593185,0.848916726511117,2.10263317049111,0.217932014798255
30,2020,0,3.0548568062028,2.31842065207616,0.872821945249062,2.12742006802611,0.197677152985558
30,2021,0,3.05934508688236,2.34068741409358,0.848270464461639,2.13477910751371,0.283623260800405
30,2022,0,3.06499883539925,2.37183973952501,0.851751649652144,2.13477910751371,0.283623260800405
30,2023,0,3.06656528996728,2.35605607404483,0.829842641793445,2.13477910751371,0.283623260800405
30,2024,0,3.06751464441192,2.34896151071313,0.829842641793445,2.13477910751371,0.283623260800405
31,1994,2.68328157299975,2.95714104406064,2.38190398645092,0.15823294914466,1.55090483304317,0.493311305024748
31,1995,14.4725445397327,2.96270895694886,2.38220312215709,0.15823294914466,1.50544159689903,0.463175640901802
31,1996,9.89435723454261,2.96859619356161,2.38820324158688,0.15823294914466,1.47458282525919,0.456135861727728
31,1997,23.1518337806621,2.97386626300345,2.39848179807948,0.162749054218881,1.47458282525919,0.361611729587578
31,1998,8.50756797629541,2.97755050892187,2.37282595110624,0.167258530351064,1.44042693341193,0.319705255411985
31,1999,-0.625543242171224,2.97696484197812,2.36468169914211,0.230254266504758,1.46359323904057,0.342388701172311
31,2000,-1.60579308398418,2.97790093551899,2.38508618071929,0.291477048634963,1.45221607015276,0.384923948245
31,2001,13.3494873407385,2.98100942982489,2.40545438113118,0.284917024442529,1.64417392599576,0.345221836817102
31,2002,24.9325329057828,2.98541189011462,2.40348649692015,0.278332381442759,1.61176584194231,0.251768179343651
31,2003,-10.0779346514739,2.99024602640392,2.41131066557634,0.320470617909716,1.59769665036953,0.251224427004515
31,2004,25.3820974523411,2.99551745190823,2.43016901533429,0.435010687109096,1.65615849738557,0.291957800203294
31,2005,0.937275869622649,3.00175725559524,2.4403781442463,0.456717752045473,1.66196207780898,0.310200046368776
31,2006,3.20251425617055,3.01019445313298,2.4581945825528,0.454949353541791,1.6786721639007,0.287264415613355
31,2007,13.7670995352237,3.020216068737,2.45982080576718,0.405296008828863,1.75355805410956,0.30982607426982
31,2008,11.9343273381487,3.02520619687726,2.45556764571398,0.486639424167028,1.72790479339123,0.367249884873921
31,2009,-0.016961338288819,3.01957607943977,2.42573342683046,0.491408509591249,1.81788435693178,0.263541550968605
31,2010,7.12478700931176,3.0258654749432,2.44764273624724,0.513943836362851,1.82715071857448,0.325353579812308
31,2011,-1.73049370770324,3.02818725054151,2.46244305916188,0.540234354409418,1.83016258818987,0.3456002070033
31,2012,8.02748118561302,3.02952573742773,2.4700333421794,0.452929843257937,1.83313742834362,0.314475414970782
31,2013,-5.96062765069159,3.03009792273408,2.47371963440787,0.434747335310214,1.83897926169613,0.28870813319139
31,2014,11.3341458882979,3.03257697382226,2.4698313838943,0.452242661273465,1.87874701527944,0.280994917330441
31,2015,16.0009310842616,3.03732781521966,2.47234664223711,0.436993464959166,1.90630920820275,0.25723641482055
31,2016,0.437748948803337,3.03904920208099,2.47542479992491,0.539707063956105,1.8997220353528,0.255967744935564
31,2017,-28.0936651897338,3.0416055190355,2.47893507631284,0.474968785503503,1.88357518193406,0.321668818699504
31,2018,-59.9332962550868,3.04526145958811,2.48078584607304,0.442256479003024,1.88357518193406,0.281580050190496
31,2019,0,3.04726776108034,2.4763044706,0.464371347840946,1.98257519636465,0.24688049608591
31,2020,0,3.04470085886954,2.46078935293245,0.58235064086772,1.98257519636465,0.215834128458167
31,2021,0,3.05011492802537,2.4747119108799,0.598557339984893,1.98712656721595,0.222427056482428
31,2022,0,3.05089701910639,2.49367675553531,0.557427869380468,1.98712656721595,0.222427056482428
31,2023,0,3.05295607674097,2.47417012390352,0.544414158447741,1.98712656721595,0.222427056482428
31,2024,0,3.05484473618462,2.4644641417205,0.544414158447741,1.98712656721595,0.222427056482428
32,1994,6.75,3.01274770772978,2.36390530027602,0.830372370381218,1.88117362914884,0.191852650870111
32,1995,8.53991993862586,3.01666651719168,2.35588384750967,0.830372370381218,1.861016974424,0.191852650870111
32,1996,5.32670042087382,3.01952928352893,2.35712686586539,0.830372370381218,1.85025285026831,0.190841157183094
32,1997,25.5498738280951,3.02455943589393,2.36256495566847,0.856905183848819,1.82410097596911,0.181642145991395
32,1998,1.61960684683962,3.02769114211714,2.36379637385886,0.882271908499217,1.85025285026831,0.136084532484992
32,1999,0.848011501087158,3.03257107053464,2.355697253814,0.832058807761934,1.8446824510512,0.130583468545995
32,2000,14.107076129694,3.03558793328039,2.37767238263866,0.77722055479039,1.98862244690718,0.164357085872852
32,2001,6.30285480141236,3.03810802858227,2.37935615107253,0.753904904550886,1.99880970621322,0.196738304280467
32,2002,-1.65463493379433,3.04107389925289,2.37812903157877,0.729733427877589,1.96166094784499,0.136588124937545
32,2003,-16.2857323163925,3.04401089670966,2.37529786743549,0.709688239836753,1.97156518355899,0.143388260203137
32,2004,62.4192553693187,3.04816796562346,2.39078082435287,0.747469762088823,1.98562015701412,0.230000123243305
32,2005,7.12005590036314,3.05157864098886,2.40426979662752,0.729998061666029,1.99738392094077,0.182293804807094
32,2006,1.47895997618721,3.0566814218043,2.41756271146551,0.739485352077195,1.97948644138698,0.208574939466908
32,2007,-6.33671738108431,3.06261272234926,2.42694605171897,0.76543294947391,1.99450330451973,0.227414100577261
32,2008,1.35856733222259,3.06555611145967,2.42402034452533,0.799107952663578,1.98257519636465,0.374744760650165
32,2009,-5.82737975043536,3.05733570839819,2.39410874501781,0.830463178079258,2.01122669488561,0.203489518716135
32,2010,0.316415049282303,3.05796401780293,2.41495012393924,0.79600845603178,2.01782079972786,0.292076555680508
32,2011,-1.04259658668307,3.05838169231471,2.43030585812601,0.818484993208543,2.00441875751929,0.345628350320912
32,2012,-1.54720651809969,3.0554073739929,2.43438669028639,0.799749105126341,2.01911503459909,0.247553189907973
32,2013,9.96558340813907,3.05450184083476,2.43620686997376,0.792040148075129,2.04684774471946,0.203553993071582
32,2014,-7.19037238902304,3.05697037632072,2.43775727990428,0.794804968678594,2.05131045530918,0.258682996842382
32,2015,-4.67105768582515,3.05911722844252,2.43863851421364,0.765506740913421,2.03404818161825,0.25800741373549
32,2016,9.53648950114253,3.06184449765042,2.4398340246933,0.821231594453298,2.02918903875561,0.255571037609375
32,2017,-2.97754947327511,3.06648481144859,2.45156793745104,0.791382423123444,2.01256222375706,0.262397180423661
32,2018,-41.4728827066554,3.07012562353326,2.45572383538712,0.807808829452836,2.02421307661139,0.256080786548774
32,2019,0,3.07266874995483,2.45300734597509,0.838464552370683,2.02795619980765,0.230237531068476
32,2020,0,3.0681862603006,2.43902707694564,0.815589024753579,2.04909131895338,0.210998037664488
32,2021,0,3.0754109980857,2.45485728772994,0.795848398938317,2.05675452821831,0.187116945156297
32,2022,0,3.07766058712204,2.47893720724202,0.779330852172345,2.05675452821831,0.187116945156297
32,2023,0,3.07945347471689,2.45313044368452,0.815208906357578,2.05675452821831,0.187116945156297
32,2024,0,3.08072821748666,2.44824970416353,0.815208906357578,2.05675452821831,0.187116945156297
33,1994,14.8698520503736,3.05477914237413,2.19265929132949,0.988940672939763,1.79131332634093,0.0691909070831334
33,1995,37.4265150301729,3.05692023118967,2.20851503300595,0.988940672939763,1.75759633923107,0.0685890165493662
33,1996,25.9925747285406,3.05894314119446,2.21548084441492,0.988940672939763,1.82101248893922,0.0596573907880782
33,1997,35.4683860678268,3.06184764877667,2.23706425480162,0.964264308074914,1.79131332634093,0.053347359755835
33,1998,32.8180351358528,3.0653887991089,2.2431512486186,0.938334226463571,1.78056741440334,0.0425552903146069
33,1999,28.5607368485567,3.06902040184096,2.25080644701087,0.958823604330785,1.73236004120165,0.0392706748295174
33,2000,41.5681920208669,3.07329812858935,2.27031511939614,0.978526628388472,1.74104849082843,0.0498852569066843
33,2001,46.1286998488527,3.07620276089033,2.26299630721482,0.943271571251344,1.78056741440334,0.0563807875243493
33,2002,82.1239960302983,3.07740412010647,2.25234269636061,0.905464858340763,1.71876062531267,0.04590566667284
33,2003,18.5734869147633,3.07840459879815,2.2459363604741,0.913663003164996,1.78056741440334,0.0376622291451702
33,2004,51.2031692699225,3.0796363311254,2.24997663192123,0.859782215475163,1.74528604941362,0.0468640291530577
33,2005,31.9787898472977,3.08128686986282,2.25081502808015,0.854319200625313,1.71406673635757,0.03649677480866
33,2006,46.4009679437234,3.08336738194406,2.25600903271513,0.855436483910353,1.76548650130625,0.0437332165974874
33,2007,31.5131332088258,3.0848485571644,2.26161801766375,0.871484720442982,1.78420083850397,0.0522070543736249
33,2008,14.178753254884,3.08408962454921,2.25506128135288,0.885276522311812,1.8082526214155,0.0650848632639087
33,2009,-34.9170653831149,3.07976238182979,2.21797288861367,0.872506275694886,1.87874701527944,0.0352961650698088
33,2010,1.13896171376256,3.07942623048027,2.24300416772971,0.872871970207302,1.92698136759131,0.0582800054485321
33,2011,-27.7824588824036,3.07851050515007,2.26475379467823,0.878698964408991,1.93283028831766,0.0651638517164402
33,2012,27.6155724693616,3.07577678675869,2.27177855784654,0.814690463516211,1.95304959913093,0.072933398198059
33,2013,-68.8141300626593,3.07478523709585,2.27549415690274,0.808272745747968,1.97156518355899,0.0626527967649422
33,2014,-32.1978865359667,3.07645948123069,2.28110548770485,0.77690675332723,1.9779252781272,0.0605735847385585
33,2015,-17.2092560628085,3.08019277573993,2.28168744052666,0.731476653696176,1.96166094784499,0.0478557035314888
33,2016,9.44093187257859,3.08275392132313,2.28043250899079,0.776304350748787,1.96831365481049,0.0419071793624151
33,2017,-13.2237794563187,3.0851401587773,2.2897107227129,0.807744102167694,1.94225014492888,0.0530158946743254
33,2018,-178.840711248865,3.08688674564005,2.29224293803802,0.783228192019537,1.97156518355899,0.062924635008816
33,2019,0,3.08800252767087,2.29031201380555,0.789733203238988,1.96831365481049,0.038990339736019
33,2020,0,3.07693472564457,2.26800353044354,0.716634811941941,2.00716840345643,0.0381031564685302
33,2021,0,3.08270638505031,2.29078951292059,0.705971161987328,2.0030303803298,0.114676341982704
33,2022,0,3.08768576974382,2.32333297828887,0.678699623524841,2.0030303803298,0.114676341982704
33,2023,0,3.08882539865375,2.30595521006428,0.693498661604985,2.0030303803298,0.114676341982704
33,2024,0,3.09098310588073,2.30079792569047,0.693498661604985,2.0030303803298,0.114676341982704
34,1994,13.2426252415324,3.1041954510127,2.28285212062095,1.10763699695538,2.12816886746849,0.349668816691356
34,1995,19.1877539830127,3.10731386988736,2.29715960336021,1.10763699695538,2.14599109386038,0.376639219674982
34,1996,25.2638316020079,3.10867974518483,2.29073510639177,1.10763699695538,2.12816886746849,0.295661068974206
34,1997,19.5252296650996,3.11131639488363,2.30649652991428,1.10115247580323,2.15657355623141,0.338681420096171
34,1998,13.254818427476,3.11495738184902,2.31278560716826,1.09457169799958,2.15657355623141,0.32732225420275
34,1999,5.02812382850082,3.11852755819403,2.31413335336273,1.10178805589427,2.15069448679568,0.264709792063232
34,2000,9.29620567985998,3.12237457622749,2.33060189126911,1.10888875906717,2.18235004789515,0.303760149439423
34,2001,4.4535231836302,3.123326593143,2.32845264963081,1.11495571835687,2.1684080813476,0.312196508868791
34,2002,-8.98753555524738,3.12501782369596,2.31988353051719,1.12093968408027,2.15912831897605,0.311217798314886
34,2003,-14.6648959444873,3.12632502931939,2.31538485047365,1.13320199892376,2.15069448679568,0.257689535568136
34,2004,28.345652609987,3.12956173297131,2.32399958677763,1.12931826413314,2.15657355623141,0.234221457501953
34,2005,0.832582693002327,3.13161561946984,2.33685355584316,1.10818438645826,2.17953136821436,0.412080223106006
34,2006,1.37927627233022,3.13510128199877,2.34605352458048,1.1233808391259,2.18402065937559,0.41608963624633
34,2007,5.66393695725467,3.13721103672362,2.34864588368336,1.13459794650495,2.19320889631057,0.577777333219838
34,2008,1.99061432353341,3.13573142210625,2.35539404349206,1.14197766051597,2.20044134060137,0.580718047420973
34,2009,-0.422757845164499,3.13120847872448,2.33174732966401,1.15232491688527,2.21267546866817,0.331695439760499
34,2010,4.66379982488361,3.13533066255568,2.3389408476873,1.14495280037899,2.20788146337154,0.981063645742386
34,2011,-10.4227166652132,3.13737696443256,2.34183212948752,1.14167765902093,2.21125070957909,1.07764203194909
34,2012,-0.785634123056758,3.13637587201343,2.33940403734521,1.14441246154639,2.2245679706765,0.829153816293118
34,2013,-3.34706553707141,3.13662202520239,2.33099885526719,1.15031271252017,2.22008765699606,0.795982928824517
34,2014,5.66851111045998,3.13772902657401,2.33606698349543,1.15670785567155,2.22589024438547,0.744601583101628
34,2015,-9.64686606157274,3.1405285467625,2.33686527851822,1.16061565032929,2.23981521680813,0.454759246876991
34,2016,-4.18593013814238,3.14126433690912,2.33521661136793,1.15075525488022,2.23571096742648,0.628726302793837
34,2017,0.818010575517215,3.14171113410526,2.3411216570592,1.11449120336749,2.23940909970874,0.818901691343409
34,2018,-63.9765582068932,3.14222261182099,2.35045697274162,1.10420812075548,2.23859402269672,0.826542665691754
34,2019,0,3.14356755274596,2.35527806623856,1.10656354977469,2.24382522901209,0.384895845781258
34,2020,0,3.14126142446125,2.33754965431972,1.0993141129092,2.26223579895295,0.355092026891711
34,2021,0,3.14513145918053,2.35191620883766,1.07875249087081,2.26259178017275,0.896329132231652
34,2022,0,3.14561878451937,2.381992188385,1.07538633894553,2.26259178017275,0.896329132231652
34,2023,0,3.14503693863454,2.38285837862798,1.04828862741959,2.26259178017275,0.896329132231652
34,2024,0,3.14546953456988,2.37987682809387,1.04828862741959,2.26259178017275,0.896329132231652
35,1994,15.762739986452,3.16400177931896,2.31751798055626,1.14528315347351,1.99304823091274,0.0195498915035513
35,1995,36.4336027234119,3.16384272042986,2.31776583658975,1.14528315347351,1.98257519636465,0.0193420887303789
35,1996,36.0017217774971,3.16386679796983,2.32404046707909,1.14528315347351,1.96831365481049,0.018407189176941
35,1997,15.6486690493282,3.16554884206394,2.34635336849059,1.14475106626408,1.97948644138698,0.019500385166654
35,1998,25.9921502805924,3.16781031116867,2.34580706956166,1.14421831233767,1.97476862963213,0.0176038270855678
35,1999,8.70733116030756,3.16879489727544,2.34921570561542,1.14664439792079,1.99450330451973,0.0170108046399332
35,2000,18.1982346386694,3.17157885397419,2.36545648817752,1.14905669412722,1.99158314838649,0.0339248091695634
35,2001,-0.591022131018246,3.17235772400727,2.36180867135965,1.14540666896008,1.99880970621322,0.0200248747892027
35,2002,18.2615639578624,3.1716633253905,2.35330080681678,1.14172501818436,1.99158314838649,0.0174856643378148
35,2003,-19.6976884921845,3.17101484965294,2.35030389882382,1.1366548753727,1.98862244690718,0.0179586518376326
35,2004,35.6624080706504,3.17267090301847,2.36078847341286,1.13306108885885,1.99010793010843,0.013964483417548
35,2005,8.03973162570657,3.17440233046331,2.37346838136651,1.13727017616039,1.99880970621322,0.0146087530124248
35,2006,-12.826077244115,3.17720815303422,2.3805031837074,1.10992343019038,1.99010793010843,0.0174328604937808
35,2007,0.887365799789783,3.1796595830032,2.3922790766571,1.11683785149934,2.00716840345643,0.0193016111777978
35,2008,6.14742448847266,3.18090354084273,2.39769594689336,1.11019326698966,2.01122669488561,0.017086115012221
35,2009,-1.32068161634964,3.17793469518067,2.38648239211458,1.09208912362041,2.016518494779,0.0149503864346998
35,2010,4.91566910810891,3.17972216840814,2.402690289894,1.09408171416592,2.02421307661139,0.0153490685176503
35,2011,-15.9206952862624,3.1802908951223,2.41068477277577,1.08574208389451,2.02421307661139,0.0129724511460141
35,2012,11.6335898675853,3.18038263944665,2.41195243719766,1.11223245951762,2.03996532785976,0.0116048892483188
35,2013,4.54233632272618,3.18090238778585,2.42180588263219,1.10769050574779,2.03879544362212,0.0122919515273022
35,2014,-7.52178879876104,3.1818166060197,2.4029118076416,1.16059717506102,2.04343546634488,0.0133931102408283
35,2015,9.56981439802638,3.18222503697612,2.39825168042911,1.13932555022542,2.06205606444002,0.0106914403882837
35,2016,-9.10118453792979,3.18301634049223,2.40783540173764,1.13848474601158,2.06413828843198,0.0105095664630819
35,2017,-9.06629171050381,3.18336431513216,2.40791613788296,1.13373752426525,2.0732501465458,0.00979527431933276
35,2018,-101.252160470777,3.18508706437307,2.40907684163844,1.13343393564612,2.0651713813216,0.0130081334378367
35,2019,0,3.18543577184348,2.40864494451561,1.12657900761934,2.07126078489177,0.00918299352406931
35,2020,0,3.1830416884622,2.40524115764799,1.10210478726517,2.08664579137454,0.00802768074995233
35,2021,0,3.18687936501314,2.4168813779753,1.09948393187227,2.09832127811313,0.00910715133019044
35,2022,0,3.18866611090072,2.42800851083703,1.09449786462551,2.09832127811313,0.00910715133019044
35,2023,0,3.18818529974397,2.42393322766234,1.09763230929417,2.09832127811313,0.00910715133019044
35,2024,0,3.1881761736358,2.42233381522801,1.09763230929417,2.09832127811313,0.00910715133019044
